source_program,psi_id,source_doi,source_file,source_row,test_id,flex_identifier,test_datetime_gmt,group_id_fill,group_id_atmosphere,fuel,fuel_phase,geometry,pressure_mmhg,pressure_atm,pressure_level,x_o2,x_n2,x_co2,x_he,mole_fraction_sum,p_o2_atm,diluent,d0_mm,flow_cm_s,flow_regime,outcome_raw,outcome_class,y_sustained,d_ext_mm,burn_rate_mm2_s,burn_time_s,qc_flags
FLEX,PSI-69,10.60555/mbq8-0451,PSI-69_Experimental table_FLEX.csv,2,1,20CAL08,2009-03-05T17:22:03Z,CAL,1atm|O2=0.21|CO2=0.00|He=0.00,Methanol,liquid_droplet,spherical_droplet,757.7,0.997,1atm,0.21,0.79,0.0,0.0,1.0,0.2094,N2,1.69,,quiescent_nominal,Disruption,disruption,1,0.89,0.52,4.3,d_ext_without_extinction
FLEX,PSI-69,10.60555/mbq8-0451,PSI-69_Experimental table_FLEX.csv,3,2,20CAL10,2009-03-05T19:20:06Z,CAL,1atm|O2=0.21|CO2=0.00|He=0.00,Methanol,liquid_droplet,spherical_droplet,762.0,1.0026,1atm,0.21,0.79,0.0,0.0,1.0,0.2105,N2,1.86,,quiescent_nominal,Extinction,extinction,0,0.94,0.6,5.0,
FLEX,PSI-69,10.60555/mbq8-0451,PSI-69_Experimental table_FLEX.csv,4,3,20CAL12,2009-03-05T21:17:46Z,CAL,1atm|O2=0.21|CO2=0.00|He=0.00,Methanol,liquid_droplet,spherical_droplet,764.2,1.0055,1atm,0.21,0.79,0.0,0.0,1.0,0.2112,N2,1.61,,quiescent_nominal,Extinction,extinction,0,0.92,0.58,3.2,
FLEX,PSI-69,10.60555/mbq8-0451,PSI-69_Experimental table_FLEX.csv,5,4,30CAL02,2009-03-31T17:16:18Z,CAL,1atm|O2=0.21|CO2=0.00|He=0.00,Methanol,liquid_droplet,spherical_droplet,760.0,1.0,1atm,0.21,0.79,0.0,0.0,1.0,0.21,N2,2.06,,quiescent_nominal,Extinction,extinction,0,,0.6,7.64,extinction_d_ext_unmeasured
FLEX,PSI-69,10.60555/mbq8-0451,PSI-69_Experimental table_FLEX.csv,6,5,30CAL03,2009-03-31T19:00:48Z,CAL,1atm|O2=0.21|CO2=0.00|He=0.00,Methanol,liquid_droplet,spherical_droplet,760.0,1.0,1atm,0.21,0.79,0.0,0.0,1.0,0.21,N2,1.92,,quiescent_nominal,Extinction,extinction,0,0.81,0.48,6.34,
FLEX,PSI-69,10.60555/mbq8-0451,PSI-69_Experimental table_FLEX.csv,7,6,40CAL01,2009-03-31T20:05:49Z,CAL,1atm|O2=0.21|CO2=0.00|He=0.00,Methanol,liquid_droplet,spherical_droplet,760.0,1.0,1atm,0.21,0.79,0.0,0.0,1.0,0.21,N2,2.54,,quiescent_nominal,Extinction,extinction,0,1.53,0.51,9.6,
FLEX,PSI-69,10.60555/mbq8-0451,PSI-69_Experimental table_FLEX.csv,8,7,20CAL13,2009-04-10T13:26:11Z,CAL,1atm|O2=0.21|CO2=0.00|He=0.00,Heptane,liquid_droplet,spherical_droplet,761.3,1.0017,1atm,0.21,0.79,0.0,0.0,1.0,0.2104,N2,1.87,,quiescent_nominal,Disruption,disruption,1,,0.67,5.3,
FLEX,PSI-69,10.60555/mbq8-0451,PSI-69_Experimental table_FLEX.csv,9,8,30CAL06,2009-04-10T18:07:15Z,CAL,1atm|O2=0.21|CO2=0.00|He=0.00,Heptane,liquid_droplet,spherical_droplet,762.4,1.0032,1atm,0.21,0.79,0.0,0.0,1.0,0.2107,N2,2.95,,quiescent_nominal,Disruption,disruption,1,,0.79,14.8,
FLEX,PSI-69,10.60555/mbq8-0451,PSI-69_Experimental table_FLEX.csv,10,9,30CAL07,2009-04-10,CAL,1atm|O2=0.21|CO2=0.00|He=0.00,Heptane,liquid_droplet,spherical_droplet,760.0,1.0,1atm,0.21,0.79,0.0,0.0,1.0,0.21,N2,,,quiescent_nominal,Disruption,disruption,1,,,,missing_test_time;missing_d0
FLEX,PSI-69,10.60555/mbq8-0451,PSI-69_Experimental table_FLEX.csv,11,10,256F002,2009-05-22T14:53:27Z,TP256,2-3atm|O2=0.21|CO2=0.70|He=0.00,Methanol,liquid_droplet,spherical_droplet,2319.7,3.0522,2-3atm,0.21,0.09,0.7,0.0,1.0,0.641,CO2,3.86,,quiescent_nominal,Extinction,extinction,0,,0.37,13.6,extinction_d_ext_unmeasured
FLEX,PSI-69,10.60555/mbq8-0451,PSI-69_Experimental table_FLEX.csv,12,11,256R001,2009-05-22T15:33:47Z,TP256,2-3atm|O2=0.21|CO2=0.70|He=0.00,Methanol,liquid_droplet,spherical_droplet,2318.8,3.0511,2-3atm,0.21,0.09,0.7,0.0,1.0,0.6407,CO2,3.03,,quiescent_nominal,Extinction,extinction,0,,0.4,16.5,extinction_d_ext_unmeasured
FLEX,PSI-69,10.60555/mbq8-0451,PSI-69_Experimental table_FLEX.csv,13,12,264F003,2009-05-22T19:23:35Z,TP264,2-3atm|O2=0.21|CO2=0.70|He=0.00,Heptane,liquid_droplet,spherical_droplet,2319.9,3.0525,2-3atm,0.21,0.09,0.7,0.0,1.0,0.641,CO2,2.74,,quiescent_nominal,Disruption,disruption,1,,,,
FLEX,PSI-69,10.60555/mbq8-0451,PSI-69_Experimental table_FLEX.csv,14,13,256R002,2009-06-25T15:33:05Z,TP256,2-3atm|O2=0.21|CO2=0.70|He=0.00,Methanol,liquid_droplet,spherical_droplet,2074.2,2.7292,2-3atm,0.21,0.09,0.7,0.0,1.0,0.5731,CO2,2.59,,quiescent_nominal,Extinction,extinction,0,,0.49,10.8,extinction_d_ext_unmeasured
FLEX,PSI-69,10.60555/mbq8-0451,PSI-69_Experimental table_FLEX.csv,15,14,256F007,2009-06-29T12:26:06Z,TP256,2-3atm|O2=0.21|CO2=0.70|He=0.00,Methanol,liquid_droplet,spherical_droplet,2055.6,2.7047,2-3atm,0.21,0.09,0.7,0.0,1.0,0.568,CO2,3.7,,quiescent_nominal,Extinction,extinction,0,,,11.3,extinction_d_ext_unmeasured
FLEX,PSI-69,10.60555/mbq8-0451,PSI-69_Experimental table_FLEX.csv,16,15,256F008,2009-06-29T13:56:06Z,TP256,2-3atm|O2=0.21|CO2=0.70|He=0.00,Methanol,liquid_droplet,spherical_droplet,2066.6,2.7192,2-3atm,0.21,0.09,0.7,0.0,1.0,0.571,CO2,4.42,,quiescent_nominal,Extinction,extinction,0,,,23.1,extinction_d_ext_unmeasured
FLEX,PSI-69,10.60555/mbq8-0451,PSI-69_Experimental table_FLEX.csv,17,16,256F009,2009-06-29T15:34:58Z,TP256,2-3atm|O2=0.21|CO2=0.70|He=0.00,Methanol,liquid_droplet,spherical_droplet,2072.1,2.7264,2-3atm,0.21,0.09,0.7,0.0,1.0,0.5725,CO2,1.66,,quiescent_nominal,Extinction,extinction,0,1.0,0.53,3.4,
FLEX,PSI-69,10.60555/mbq8-0451,PSI-69_Experimental table_FLEX.csv,18,17,240R003,2009-07-01T12:28:41Z,TP240,2-3atm|O2=0.21|CO2=0.70|He=0.00,Methanol,liquid_droplet,spherical_droplet,1545.7,2.0338,2-3atm,0.21,0.09,0.7,0.0,1.0,0.4271,CO2,2.67,,quiescent_nominal,Disruption,disruption,1,,,2.4,
FLEX,PSI-69,10.60555/mbq8-0451,PSI-69_Experimental table_FLEX.csv,19,18,248F001,2009-07-01T16:28:56Z,TP248,2-3atm|O2=0.21|CO2=0.70|He=0.00,Heptane,liquid_droplet,spherical_droplet,1553.8,2.0445,2-3atm,0.21,0.09,0.7,0.0,1.0,0.4293,CO2,2.74,,quiescent_nominal,Extinction,extinction,0,1.77,0.61,8.1,
FLEX,PSI-69,10.60555/mbq8-0451,PSI-69_Experimental table_FLEX.csv,20,19,196F001,2009-08-26T19:07:28Z,TP196,0.7atm|O2=0.34|CO2=0.00|He=0.00,Heptane,liquid_droplet,spherical_droplet,539.1,0.7093,0.7atm,0.34,0.66,0.0,0.0,1.0,0.2412,N2,3.39,,quiescent_nominal,Disruption,disruption,1,,0.9,4.2,
FLEX,PSI-69,10.60555/mbq8-0451,PSI-69_Experimental table_FLEX.csv,21,20,192F001,2009-10-24T14:09:04Z,TP192,0.7atm|O2=0.34|CO2=0.00|He=0.00,Methanol,liquid_droplet,spherical_droplet,539.5,0.7099,0.7atm,0.34,0.66,0.0,0.0,1.0,0.2414,N2,3.4,,quiescent_nominal,Completion,completion,1,1.56,0.53,17.4,d_ext_without_extinction
FLEX,PSI-69,10.60555/mbq8-0451,PSI-69_Experimental table_FLEX.csv,22,21,192F002,2009-10-24T15:15:24Z,TP192,0.7atm|O2=0.34|CO2=0.00|He=0.00,Methanol,liquid_droplet,spherical_droplet,540.6,0.7113,0.7atm,0.34,0.66,0.0,0.0,1.0,0.2418,N2,3.49,,quiescent_nominal,Disruption,disruption,1,0.95,0.66,17.8,d_ext_without_extinction
FLEX,PSI-69,10.60555/mbq8-0451,PSI-69_Experimental table_FLEX.csv,23,22,192F003,2009-10-24T15:39:48Z,TP192,0.7atm|O2=0.34|CO2=0.00|He=0.00,Methanol,liquid_droplet,spherical_droplet,540.5,0.7112,0.7atm,0.34,0.66,0.0,0.0,1.0,0.2418,N2,3.5,,quiescent_nominal,Disruption,disruption,1,,0.65,18.2,
FLEX,PSI-69,10.60555/mbq8-0451,PSI-69_Experimental table_FLEX.csv,24,23,196F002,2009-10-24T18:29:53Z,TP196,0.7atm|O2=0.34|CO2=0.00|He=0.00,Heptane,liquid_droplet,spherical_droplet,541.8,0.7129,0.7atm,0.34,0.66,0.0,0.0,1.0,0.2424,N2,3.01,,quiescent_nominal,Disruption,disruption,1,,0.73,13.1,
FLEX,PSI-69,10.60555/mbq8-0451,PSI-69_Experimental table_FLEX.csv,25,24,196F003,2009-10-24T19:44:04Z,TP196,0.7atm|O2=0.34|CO2=0.00|He=0.00,Heptane,liquid_droplet,spherical_droplet,542.8,0.7142,0.7atm,0.34,0.66,0.0,0.0,1.0,0.2428,N2,,,quiescent_nominal,Disruption,disruption,1,,,,missing_d0
FLEX,PSI-69,10.60555/mbq8-0451,PSI-69_Experimental table_FLEX.csv,26,25,191R001,2009-11-09T11:42:23Z,TP191,0.7atm|O2=0.30|CO2=0.00|He=0.00,Methanol,liquid_droplet,spherical_droplet,537.3,0.707,0.7atm,0.3,0.7,0.0,0.0,1.0,0.2121,N2,2.6,,quiescent_nominal,Completion,completion,1,0.59,0.65,10.3,d_ext_without_extinction
FLEX,PSI-69,10.60555/mbq8-0451,PSI-69_Experimental table_FLEX.csv,27,26,191F001,2009-11-09T11:59:59Z,TP191,0.7atm|O2=0.30|CO2=0.00|He=0.00,Methanol,liquid_droplet,spherical_droplet,538.4,0.7084,0.7atm,0.3,0.7,0.0,0.0,1.0,0.2125,N2,3.63,,quiescent_nominal,Disruption,disruption,1,0.4,0.62,22.2,d_ext_without_extinction
FLEX,PSI-69,10.60555/mbq8-0451,PSI-69_Experimental table_FLEX.csv,28,27,195F001,2009-11-09T14:04:11Z,TP195,0.7atm|O2=0.30|CO2=0.00|He=0.00,Heptane,liquid_droplet,spherical_droplet,540.7,0.7114,0.7atm,0.3,0.7,0.0,0.0,1.0,0.2134,N2,3.87,,quiescent_nominal,Disruption,disruption,1,,0.64,23.8,
FLEX,PSI-69,10.60555/mbq8-0451,PSI-69_Experimental table_FLEX.csv,29,28,195F002,2009-11-09T14:56:05Z,TP195,0.7atm|O2=0.30|CO2=0.00|He=0.00,Heptane,liquid_droplet,spherical_droplet,539.7,0.7101,0.7atm,0.3,0.7,0.0,0.0,1.0,0.213,N2,3.36,,quiescent_nominal,Disruption,disruption,1,,0.64,17.3,
FLEX,PSI-69,10.60555/mbq8-0451,PSI-69_Experimental table_FLEX.csv,30,29,178R001,2009-11-13T13:11:23Z,TP178,1atm|O2=0.30|CO2=0.00|He=0.00,Methanol,liquid_droplet,spherical_droplet,766.9,1.0091,1atm,0.3,0.7,0.0,0.0,1.0,0.3027,N2,2.57,,quiescent_nominal,Completion,completion,1,,0.74,10.4,
FLEX,PSI-69,10.60555/mbq8-0451,PSI-69_Experimental table_FLEX.csv,31,30,178F001,2009-11-13T14:03:46Z,TP178,1atm|O2=0.30|CO2=0.00|He=0.00,Methanol,liquid_droplet,spherical_droplet,769.2,1.0121,1atm,0.3,0.7,0.0,0.0,1.0,0.3036,N2,3.26,,quiescent_nominal,Extinction,extinction,0,1.32,0.59,15.6,
FLEX,PSI-69,10.60555/mbq8-0451,PSI-69_Experimental table_FLEX.csv,32,31,182F001,2009-11-13T18:33:39Z,TP182,1atm|O2=0.30|CO2=0.00|He=0.00,Heptane,liquid_droplet,spherical_droplet,770.5,1.0138,1atm,0.3,0.7,0.0,0.0,1.0,0.3041,N2,3.39,,quiescent_nominal,Disruption,disruption,1,,0.85,18.4,
FLEX,PSI-69,10.60555/mbq8-0451,PSI-69_Experimental table_FLEX.csv,33,32,182F002,2009-11-13T19:04:33Z,TP182,1atm|O2=0.30|CO2=0.00|He=0.00,Heptane,liquid_droplet,spherical_droplet,771.0,1.0145,1atm,0.3,0.7,0.0,0.0,1.0,0.3043,N2,3.07,,quiescent_nominal,Completion,completion,1,,0.68,14.0,
FLEX,PSI-69,10.60555/mbq8-0451,PSI-69_Experimental table_FLEX.csv,34,33,177R002,2009-11-27T10:02:15Z,TP177,1atm|O2=0.21|CO2=0.00|He=0.00,Methanol,liquid_droplet,spherical_droplet,764.5,1.0059,1atm,0.21,0.79,0.0,0.0,1.0,0.2112,N2,2.62,,quiescent_nominal,Extinction,extinction,0,1.25,0.48,11.4,
FLEX,PSI-69,10.60555/mbq8-0451,PSI-69_Experimental table_FLEX.csv,35,34,177F001,2009-11-27T11:15:38Z,TP177,1atm|O2=0.21|CO2=0.00|He=0.00,Methanol,liquid_droplet,spherical_droplet,767.7,1.0101,1atm,0.21,0.79,0.0,0.0,1.0,0.2121,N2,3.89,,quiescent_nominal,Extinction,extinction,0,2.0,0.44,27.3,
FLEX,PSI-69,10.60555/mbq8-0451,PSI-69_Experimental table_FLEX.csv,36,35,181F001,2009-11-27T13:01:24Z,TP181,1atm|O2=0.21|CO2=0.00|He=0.00,Heptane,liquid_droplet,spherical_droplet,768.1,1.0107,1atm,0.21,0.79,0.0,0.0,1.0,0.2122,N2,3.85,,quiescent_nominal,Extinction,extinction,0,3.34,0.43,8.9,
FLEX,PSI-69,10.60555/mbq8-0451,PSI-69_Experimental table_FLEX.csv,37,36,190R002,2009-12-15T10:39:35Z,TP190,0.7atm|O2=0.20|CO2=0.00|He=0.00,Methanol,liquid_droplet,spherical_droplet,539.0,0.7092,0.7atm,0.2,0.8,0.0,0.0,1.0,0.1418,N2,2.4,,quiescent_nominal,Extinction,extinction,0,1.67,0.45,7.1,
FLEX,PSI-69,10.60555/mbq8-0451,PSI-69_Experimental table_FLEX.csv,38,37,220R001,2010-01-07T19:08:46Z,TP220,0.7atm|O2=0.34|CO2=0.00|He=0.00,Methanol,liquid_droplet,spherical_droplet,534.3,0.703,0.7atm,0.34,0.66,0.0,0.0,1.0,0.239,N2,3.31,,quiescent_nominal,Disruption,disruption,1,,0.72,10.7,
FLEX,PSI-69,10.60555/mbq8-0451,PSI-69_Experimental table_FLEX.csv,39,38,220R002,2010-01-07T19:20:38Z,TP220,0.7atm|O2=0.34|CO2=0.00|He=0.00,Methanol,liquid_droplet,spherical_droplet,534.4,0.7032,0.7atm,0.34,0.66,0.0,0.0,1.0,0.2391,N2,3.59,,quiescent_nominal,Disruption,disruption,1,,0.71,15.3,
FLEX,PSI-69,10.60555/mbq8-0451,PSI-69_Experimental table_FLEX.csv,40,39,224F001,2010-01-07T21:51:19Z,TP224,0.7atm|O2=0.34|CO2=0.00|He=0.00,Heptane,liquid_droplet,spherical_droplet,534.9,0.7038,0.7atm,0.34,0.66,0.0,0.0,1.0,0.2393,N2,2.91,,quiescent_nominal,Disruption,disruption,1,0.0,0.8,9.9,d_ext_without_extinction
FLEX,PSI-69,10.60555/mbq8-0451,PSI-69_Experimental table_FLEX.csv,41,40,219R001,2010-01-08T05:02:52Z,TP219,0.7atm|O2=0.30|CO2=0.00|He=0.00,Methanol,liquid_droplet,spherical_droplet,535.1,0.7041,0.7atm,0.3,0.7,0.0,0.0,1.0,0.2112,N2,3.77,,quiescent_nominal,Disruption,disruption,1,,0.62,19.2,
FLEX,PSI-69,10.60555/mbq8-0451,PSI-69_Experimental table_FLEX.csv,42,41,219F001,2010-01-08T04:41:55Z,TP219,0.7atm|O2=0.30|CO2=0.00|He=0.00,Methanol,liquid_droplet,spherical_droplet,534.3,0.703,0.7atm,0.3,0.7,0.0,0.0,1.0,0.2109,N2,3.35,,quiescent_nominal,Disruption,disruption,1,,0.65,14.1,
FLEX,PSI-69,10.60555/mbq8-0451,PSI-69_Experimental table_FLEX.csv,43,42,223F001,2010-01-08T01:02:04Z,TP223,0.7atm|O2=0.30|CO2=0.00|He=0.00,Heptane,liquid_droplet,spherical_droplet,535.0,0.7039,0.7atm,0.3,0.7,0.0,0.0,1.0,0.2112,N2,2.92,,quiescent_nominal,Disruption,disruption,1,,0.58,11.3,
FLEX,PSI-69,10.60555/mbq8-0451,PSI-69_Experimental table_FLEX.csv,44,43,223F002,2010-01-08T03:16:16Z,TP223,0.7atm|O2=0.30|CO2=0.00|He=0.00,Heptane,liquid_droplet,spherical_droplet,534.9,0.7038,0.7atm,0.3,0.7,0.0,0.0,1.0,0.2111,N2,2.97,,quiescent_nominal,Disruption,disruption,1,0.0,0.78,11.4,d_ext_without_extinction
FLEX,PSI-69,10.60555/mbq8-0451,PSI-69_Experimental table_FLEX.csv,45,44,206F001,2010-01-11T10:33:22Z,TP206,1atm|O2=0.30|CO2=0.00|He=0.00,Methanol,liquid_droplet,spherical_droplet,766.8,1.0089,1atm,0.3,0.7,0.0,0.0,1.0,0.3027,N2,3.49,,quiescent_nominal,Disruption,disruption,1,,0.63,16.6,
FLEX,PSI-69,10.60555/mbq8-0451,PSI-69_Experimental table_FLEX.csv,46,45,206R001,2010-01-11T10:54:25Z,TP206,1atm|O2=0.30|CO2=0.00|He=0.00,Methanol,liquid_droplet,spherical_droplet,768.3,1.0109,1atm,0.3,0.7,0.0,0.0,1.0,0.3033,N2,2.42,,quiescent_nominal,Extinction,extinction,0,1.01,0.73,6.6,
FLEX,PSI-69,10.60555/mbq8-0451,PSI-69_Experimental table_FLEX.csv,47,46,205R001,2010-01-12T13:14:25Z,TP205,1atm|O2=0.21|CO2=0.00|He=0.00,Methanol,liquid_droplet,spherical_droplet,769.5,1.0125,1atm,0.21,0.79,0.0,0.0,1.0,0.2126,N2,2.78,,quiescent_nominal,Disruption,disruption,1,1.08,0.54,13.1,d_ext_without_extinction
FLEX,PSI-69,10.60555/mbq8-0451,PSI-69_Experimental table_FLEX.csv,48,47,209F001,2010-01-12T15:48:17Z,TP209,1atm|O2=0.21|CO2=0.00|He=0.00,Heptane,liquid_droplet,spherical_droplet,770.1,1.0133,1atm,0.21,0.79,0.0,0.0,1.0,0.2128,N2,3.36,,quiescent_nominal,Completion,completion,1,,0.5,17.1,
FLEX,PSI-69,10.60555/mbq8-0451,PSI-69_Experimental table_FLEX.csv,49,48,205F001,2010-01-12T12:14:55Z,TP205,1atm|O2=0.21|CO2=0.00|He=0.00,Methanol,liquid_droplet,spherical_droplet,768.7,1.0114,1atm,0.21,0.79,0.0,0.0,1.0,0.2124,N2,3.66,,quiescent_nominal,Disruption,disruption,1,,0.27,23.5,
FLEX,PSI-69,10.60555/mbq8-0451,PSI-69_Experimental table_FLEX.csv,50,49,209F003,2010-01-19T09:09:16Z,TP209,1atm|O2=0.21|CO2=0.00|He=0.00,Heptane,liquid_droplet,spherical_droplet,764.9,1.0064,1atm,0.21,0.79,0.0,0.0,1.0,0.2113,N2,3.46,,quiescent_nominal,Extinction,extinction,0,2.78,0.59,8.6,
FLEX,PSI-69,10.60555/mbq8-0451,PSI-69_Experimental table_FLEX.csv,51,50,209F004,2010-01-19T14:08:17Z,TP209,1atm|O2=0.21|CO2=0.00|He=0.00,Heptane,liquid_droplet,spherical_droplet,770.1,1.0133,1atm,0.21,0.79,0.0,0.0,1.0,0.2128,N2,3.57,,quiescent_nominal,Extinction,extinction,0,2.98,0.52,8.4,
FLEX,PSI-69,10.60555/mbq8-0451,PSI-69_Experimental table_FLEX.csv,52,51,209F005,2010-01-19T16:38:35Z,TP209,1atm|O2=0.21|CO2=0.00|He=0.00,Heptane,liquid_droplet,spherical_droplet,771.4,1.015,1atm,0.21,0.79,0.0,0.0,1.0,0.2132,N2,2.41,,quiescent_nominal,Completion,completion,1,0.0,0.65,8.2,d_ext_without_extinction
FLEX,PSI-69,10.60555/mbq8-0451,PSI-69_Experimental table_FLEX.csv,53,52,210F002,2010-01-11T13:46:44Z,TP210,1atm|O2=0.30|CO2=0.00|He=0.00,Heptane,liquid_droplet,spherical_droplet,771.1,1.0146,1atm,0.3,0.7,0.0,0.0,1.0,0.3044,N2,3.53,,quiescent_nominal,Disruption,disruption,1,0.0,0.7,18.3,d_ext_without_extinction
FLEX,PSI-69,10.60555/mbq8-0451,PSI-69_Experimental table_FLEX.csv,54,53,209F002,2010-01-12T16:29:37Z,TP209,1atm|O2=0.21|CO2=0.00|He=0.00,Heptane,liquid_droplet,spherical_droplet,770.2,1.0134,1atm,0.21,0.79,0.0,0.0,1.0,0.2128,N2,,,quiescent_nominal,Disruption,disruption,1,,,18.5,missing_d0
FLEX,PSI-69,10.60555/mbq8-0451,PSI-69_Experimental table_FLEX.csv,55,54,190F003,2010-01-29T11:27:01Z,TP190,0.7atm|O2=0.20|CO2=0.00|He=0.00,Methanol,liquid_droplet,spherical_droplet,541.4,0.7124,0.7atm,0.2,0.8,0.0,0.0,1.0,0.1425,N2,3.56,,quiescent_nominal,Extinction,extinction,0,,0.41,29.0,extinction_d_ext_unmeasured
FLEX,PSI-69,10.60555/mbq8-0451,PSI-69_Experimental table_FLEX.csv,56,55,218F001,2010-01-29T16:06:50Z,TP218,0.7atm|O2=0.20|CO2=0.00|He=0.00,Methanol,liquid_droplet,spherical_droplet,542.6,0.7139,0.7atm,0.2,0.8,0.0,0.0,1.0,0.1428,N2,3.37,,quiescent_nominal,Disruption,disruption,1,2.39,0.46,20.5,d_ext_without_extinction
FLEX,PSI-69,10.60555/mbq8-0451,PSI-69_Experimental table_FLEX.csv,57,56,194F001,2010-01-29T19:13:22Z,TP194,0.7atm|O2=0.20|CO2=0.00|He=0.00,Heptane,liquid_droplet,spherical_droplet,544.1,0.7159,0.7atm,0.2,0.79,0.0,0.0,0.99,0.1432,N2,3.56,,quiescent_nominal,Completion,completion,1,3.04,0.44,7.9,d_ext_without_extinction
FLEX,PSI-69,10.60555/mbq8-0451,PSI-69_Experimental table_FLEX.csv,58,57,303F001,2010-01-29T19:50:16Z,TP303,0.7atm|O2=0.20|CO2=0.00|He=0.00,Heptane,liquid_droplet,spherical_droplet,544.4,0.7163,0.7atm,0.2,0.79,0.0,0.0,0.99,0.1433,N2,3.1,,quiescent_nominal,Extinction,extinction,0,2.49,0.54,6.8,
FLEX,PSI-69,10.60555/mbq8-0451,PSI-69_Experimental table_FLEX.csv,59,58,176F001,2010-02-04T02:32:01Z,TP176,1atm|O2=0.18|CO2=0.00|He=0.00,Methanol,liquid_droplet,spherical_droplet,773.3,1.0175,1atm,0.18,0.82,0.0,0.0,1.0,0.1832,N2,3.69,,quiescent_nominal,Extinction,extinction,0,,0.42,29.1,extinction_d_ext_unmeasured
FLEX,PSI-69,10.60555/mbq8-0451,PSI-69_Experimental table_FLEX.csv,60,59,176R001,2010-02-04T00:26:28Z,TP176,1atm|O2=0.18|CO2=0.00|He=0.00,Methanol,liquid_droplet,spherical_droplet,769.2,1.0121,1atm,0.18,0.82,0.0,0.0,1.0,0.1822,N2,2.93,,quiescent_nominal,Extinction,extinction,0,1.39,0.43,17.7,
FLEX,PSI-69,10.60555/mbq8-0451,PSI-69_Experimental table_FLEX.csv,61,60,204F001,2010-02-04T03:26:05Z,TP204,1atm|O2=0.18|CO2=0.00|He=0.00,Methanol,liquid_droplet,spherical_droplet,773.7,1.018,1atm,0.18,0.82,0.0,0.0,1.0,0.1832,N2,3.43,,quiescent_nominal,Extinction,extinction,0,,0.45,23.2,extinction_d_ext_unmeasured
FLEX,PSI-69,10.60555/mbq8-0451,PSI-69_Experimental table_FLEX.csv,62,61,204R001,2010-02-04T03:52:39Z,TP204,1atm|O2=0.18|CO2=0.00|He=0.00,Methanol,liquid_droplet,spherical_droplet,774.1,1.0186,1atm,0.18,0.82,0.0,0.0,1.0,0.1833,N2,3.68,,quiescent_nominal,Extinction,extinction,0,2.0,0.41,25.7,
FLEX,PSI-69,10.60555/mbq8-0451,PSI-69_Experimental table_FLEX.csv,63,62,301F001,2010-03-11T21:37:48Z,TP301,1atm|O2=0.18|CO2=0.00|He=0.00,Heptane,liquid_droplet,spherical_droplet,761.8,1.0024,1atm,0.18,0.82,0.0,0.0,1.0,0.1804,N2,3.43,,quiescent_nominal,Extinction,extinction,0,3.17,0.39,4.8,
FLEX,PSI-69,10.60555/mbq8-0451,PSI-69_Experimental table_FLEX.csv,64,63,301F002,2010-03-11T23:07:51Z,TP301,1atm|O2=0.18|CO2=0.00|He=0.00,Heptane,liquid_droplet,spherical_droplet,767.6,1.01,1atm,0.18,0.81,0.0,0.0,0.99,0.1818,N2,2.15,,quiescent_nominal,Completion,completion,1,0.0,0.51,9.6,d_ext_without_extinction
FLEX,PSI-69,10.60555/mbq8-0451,PSI-69_Experimental table_FLEX.csv,65,64,302F001,2010-03-11T22:12:39Z,TP302,1atm|O2=0.18|CO2=0.00|He=0.00,Heptane,liquid_droplet,spherical_droplet,764.6,1.0061,1atm,0.18,0.81,0.0,0.0,0.99,0.1811,N2,2.69,,quiescent_nominal,Extinction,extinction,0,2.07,0.6,5.5,
FLEX,PSI-69,10.60555/mbq8-0451,PSI-69_Experimental table_FLEX.csv,66,65,189R001,2010-03-19T08:42:53Z,TP189,1atm|O2=0.15|CO2=0.00|He=0.00,Methanol,liquid_droplet,spherical_droplet,765.9,1.0078,1atm,0.15,0.85,0.0,0.0,1.0,0.1512,N2,3.37,,quiescent_nominal,Extinction,extinction,0,,0.4,24.3,extinction_d_ext_unmeasured
FLEX,PSI-69,10.60555/mbq8-0451,PSI-69_Experimental table_FLEX.csv,67,66,189F001,2010-03-19T09:26:45Z,TP189,1atm|O2=0.15|CO2=0.00|He=0.00,Methanol,liquid_droplet,spherical_droplet,766.8,1.0089,1atm,0.15,0.85,0.0,0.0,1.0,0.1513,N2,2.52,,quiescent_nominal,Extinction,extinction,0,1.32,0.38,12.9,
FLEX,PSI-69,10.60555/mbq8-0451,PSI-69_Experimental table_FLEX.csv,68,67,189F002,2010-03-19T10:17:06Z,TP189,1atm|O2=0.15|CO2=0.00|He=0.00,Methanol,liquid_droplet,spherical_droplet,767.7,1.0101,1atm,0.15,0.85,0.0,0.0,1.0,0.1515,N2,3.97,,quiescent_nominal,Extinction,extinction,0,3.3,0.36,14.4,
FLEX,PSI-69,10.60555/mbq8-0451,PSI-69_Experimental table_FLEX.csv,69,68,189R003,2010-03-19T12:04:45Z,TP189,1atm|O2=0.15|CO2=0.00|He=0.00,Methanol,liquid_droplet,spherical_droplet,768.8,1.0116,1atm,0.15,0.84,0.0,0.0,0.99,0.1517,N2,2.38,,quiescent_nominal,Extinction,extinction,0,1.29,0.39,10.7,
FLEX,PSI-69,10.60555/mbq8-0451,PSI-69_Experimental table_FLEX.csv,70,69,193R002,2010-03-23T10:23:00Z,TP193,1atm|O2=0.14|CO2=0.00|He=0.00,Heptane,liquid_droplet,spherical_droplet,767.1,1.0093,1atm,0.14,0.84,0.0,0.0,0.98,0.1413,N2,1.1,,quiescent_nominal,Completion,completion,1,0.0,0.94,1.3,d_ext_without_extinction
FLEX,PSI-69,10.60555/mbq8-0451,PSI-69_Experimental table_FLEX.csv,71,70,193F001,2010-03-23T07:25:43Z,TP193,1atm|O2=0.15|CO2=0.00|He=0.00,Heptane,liquid_droplet,spherical_droplet,761.0,1.0013,1atm,0.15,0.84,0.0,0.0,0.99,0.1502,N2,4.67,,quiescent_nominal,Extinction,extinction,0,4.6,0.41,1.6,duplicate_identifier
FLEX,PSI-69,10.60555/mbq8-0451,PSI-69_Experimental table_FLEX.csv,72,71,189R002,2010-03-19T11:19:22Z,TP189,1atm|O2=0.15|CO2=0.00|He=0.00,Methanol,liquid_droplet,spherical_droplet,768.3,1.0109,1atm,0.15,0.84,0.0,0.0,0.99,0.1516,N2,2.25,,quiescent_nominal,Extinction,extinction,0,,0.4,8.4,extinction_d_ext_unmeasured
FLEX,PSI-69,10.60555/mbq8-0451,PSI-69_Experimental table_FLEX.csv,73,72,193R001,2010-03-23T09:06:37Z,TP193,1atm|O2=0.15|CO2=0.00|He=0.00,Heptane,liquid_droplet,spherical_droplet,765.2,1.0068,1atm,0.15,0.84,0.0,0.0,0.99,0.151,N2,1.13,,quiescent_nominal,Completion,completion,1,,0.52,2.5,
FLEX,PSI-69,10.60555/mbq8-0451,PSI-69_Experimental table_FLEX.csv,74,73,193F001,2010-03-23T07:25:43Z,TP193,1atm|O2=0.15|CO2=0.00|He=0.00,Heptane,liquid_droplet,spherical_droplet,761.0,1.0013,1atm,0.15,0.84,0.0,0.0,0.99,0.1502,N2,4.64,,quiescent_nominal,Extinction,extinction,0,4.58,0.56,1.5,duplicate_identifier
FLEX,PSI-69,10.60555/mbq8-0451,PSI-69_Experimental table_FLEX.csv,75,74,221F001,2010-03-23T09:44:36Z,TP221,1atm|O2=0.15|CO2=0.00|He=0.00,Heptane,liquid_droplet,spherical_droplet,765.9,1.0078,1atm,0.15,0.84,0.0,0.0,0.99,0.1512,N2,1.33,,quiescent_nominal,Completion,completion,1,,0.77,2.3,
FLEX,PSI-69,10.60555/mbq8-0451,PSI-69_Experimental table_FLEX.csv,76,75,203R002,2010-03-29T21:06:40Z,TP203,1atm|O2=0.13|CO2=0.00|He=0.00,Methanol,liquid_droplet,spherical_droplet,770.8,1.0142,1atm,0.13,0.85,0.0,0.0,0.98,0.1318,N2,2.54,,quiescent_nominal,Extinction,extinction,0,1.78,0.37,9.1,
FLEX,PSI-69,10.60555/mbq8-0451,PSI-69_Experimental table_FLEX.csv,77,76,203F001,2010-03-29T19:24:36Z,TP203,1atm|O2=0.13|CO2=0.00|He=0.00,Methanol,liquid_droplet,spherical_droplet,769.5,1.0125,1atm,0.13,0.85,0.0,0.0,0.98,0.1316,N2,3.21,,quiescent_nominal,Extinction,extinction,0,2.78,0.37,8.9,
FLEX,PSI-69,10.60555/mbq8-0451,PSI-69_Experimental table_FLEX.csv,78,77,175R001,2010-03-29T18:39:20Z,TP175,1atm|O2=0.14|CO2=0.00|He=0.00,Methanol,liquid_droplet,spherical_droplet,768.4,1.0111,1atm,0.14,0.85,0.0,0.0,0.99,0.1416,N2,3.33,,quiescent_nominal,Extinction,extinction,0,2.91,0.34,8.5,
FLEX,PSI-69,10.60555/mbq8-0451,PSI-69_Experimental table_FLEX.csv,79,78,175F001,2010-03-29T17:49:23Z,TP175,1atm|O2=0.14|CO2=0.00|He=0.00,Methanol,liquid_droplet,spherical_droplet,766.0,1.0079,1atm,0.14,0.85,0.0,0.0,0.99,0.1411,N2,2.66,,quiescent_nominal,Extinction,extinction,0,1.66,0.35,12.9,
FLEX,PSI-69,10.60555/mbq8-0451,PSI-69_Experimental table_FLEX.csv,80,79,179F001,2010-03-30T00:40:16Z,TP179,1atm|O2=0.13|CO2=0.00|He=0.00,Heptane,liquid_droplet,spherical_droplet,768.1,1.0107,1atm,0.13,0.85,0.0,0.0,0.98,0.1314,N2,2.92,,quiescent_nominal,Extinction,extinction,0,2.86,0.25,1.5,
FLEX,PSI-69,10.60555/mbq8-0451,PSI-69_Experimental table_FLEX.csv,81,80,207F001,2010-03-30T02:29:19Z,TP207,1atm|O2=0.13|CO2=0.00|He=0.00,Heptane,liquid_droplet,spherical_droplet,770.0,1.0132,1atm,0.13,0.85,0.0,0.0,0.98,0.1317,N2,,,quiescent_nominal,Extinction,extinction,0,,,1.0,missing_d0;extinction_d_ext_unmeasured
FLEX,PSI-69,10.60555/mbq8-0451,PSI-69_Experimental table_FLEX.csv,82,81,207F002,2010-03-30T03:59:28Z,TP207,1atm|O2=0.13|CO2=0.00|He=0.00,Heptane,liquid_droplet,spherical_droplet,770.2,1.0134,1atm,0.13,0.85,0.0,0.0,0.98,0.1317,N2,,,quiescent_nominal,Extinction,extinction,0,,,1.5,missing_d0;extinction_d_ext_unmeasured
FLEX,PSI-69,10.60555/mbq8-0451,PSI-69_Experimental table_FLEX.csv,83,82,304F001,2010-04-19T17:19:17Z,TP304,1atm|O2=0.13|CO2=0.00|He=0.00,Methanol,liquid_droplet,spherical_droplet,764.6,1.0061,1atm,0.13,0.87,0.0,0.0,1.0,0.1308,N2,2.84,,quiescent_nominal,Extinction,extinction,0,2.39,0.35,7.5,
FLEX,PSI-69,10.60555/mbq8-0451,PSI-69_Experimental table_FLEX.csv,84,83,304F002,2010-04-19T21:18:05Z,TP304,1atm|O2=0.12|CO2=0.00|He=0.00,Methanol,liquid_droplet,spherical_droplet,772.0,1.0158,1atm,0.12,0.87,0.0,0.0,0.99,0.1219,N2,,,quiescent_nominal,Extinction,extinction,0,,,5.45,missing_d0;extinction_d_ext_unmeasured
FLEX,PSI-69,10.60555/mbq8-0451,PSI-69_Experimental table_FLEX.csv,85,84,304R001,2010-04-19T17:51:24Z,TP304,1atm|O2=0.12|CO2=0.00|He=0.00,Methanol,liquid_droplet,spherical_droplet,767.2,1.0095,1atm,0.12,0.87,0.0,0.0,0.99,0.1211,N2,2.35,,quiescent_nominal,Extinction,extinction,0,1.42,0.35,10.8,
FLEX,PSI-69,10.60555/mbq8-0451,PSI-69_Experimental table_FLEX.csv,86,85,304R002,2010-04-19T20:12:58Z,TP304,1atm|O2=0.12|CO2=0.00|He=0.00,Methanol,liquid_droplet,spherical_droplet,771.2,1.0147,1atm,0.12,0.87,0.0,0.0,0.99,0.1218,N2,2.4,,quiescent_nominal,Extinction,extinction,0,1.77,0.35,9.3,
FLEX,PSI-69,10.60555/mbq8-0451,PSI-69_Experimental table_FLEX.csv,87,86,305F002,2010-04-19T19:16:37Z,TP305,1atm|O2=0.12|CO2=0.00|He=0.00,Methanol,liquid_droplet,spherical_droplet,770.0,1.0132,1atm,0.12,0.87,0.0,0.0,0.99,0.1216,N2,3.07,,quiescent_nominal,Extinction,extinction,0,2.56,0.35,9.0,
FLEX,PSI-69,10.60555/mbq8-0451,PSI-69_Experimental table_FLEX.csv,88,87,305F003,2010-04-19T20:38:54Z,TP305,1atm|O2=0.12|CO2=0.00|He=0.00,Methanol,liquid_droplet,spherical_droplet,771.2,1.0147,1atm,0.12,0.87,0.0,0.0,0.99,0.1218,N2,2.64,,quiescent_nominal,Extinction,extinction,0,1.92,0.38,9.3,
FLEX,PSI-69,10.60555/mbq8-0451,PSI-69_Experimental table_FLEX.csv,89,88,053R001,2010-05-05T22:37:54Z,TP053,0.7atm|O2=0.25|CO2=0.15|He=0.00,Methanol,liquid_droplet,spherical_droplet,537.5,0.7072,0.7atm,0.25,0.6,0.15,0.0,1.0,0.1768,CO2,3.01,,quiescent_nominal,Disruption,disruption,1,,0.53,14.8,
FLEX,PSI-69,10.60555/mbq8-0451,PSI-69_Experimental table_FLEX.csv,90,89,053F001,2010-05-05T22:19:33Z,TP053,0.7atm|O2=0.25|CO2=0.15|He=0.00,Methanol,liquid_droplet,spherical_droplet,537.4,0.7071,0.7atm,0.25,0.6,0.15,0.0,1.0,0.1768,CO2,3.7,,quiescent_nominal,Disruption,disruption,1,,0.51,24.0,
FLEX,PSI-69,10.60555/mbq8-0451,PSI-69_Experimental table_FLEX.csv,91,90,141R001,2010-05-06T00:07:51Z,TP141,0.7atm|O2=0.25|CO2=0.15|He=0.00,Methanol,liquid_droplet,spherical_droplet,539.2,0.7095,0.7atm,0.25,0.6,0.15,0.0,1.0,0.1774,CO2,3.62,,quiescent_nominal,Disruption,disruption,1,,0.53,20.1,
FLEX,PSI-69,10.60555/mbq8-0451,PSI-69_Experimental table_FLEX.csv,92,91,141F001,2010-05-05T23:10:01Z,TP141,0.7atm|O2=0.25|CO2=0.15|He=0.00,Methanol,liquid_droplet,spherical_droplet,538.3,0.7083,0.7atm,0.25,0.6,0.15,0.0,1.0,0.1771,CO2,3.51,,quiescent_nominal,Disruption,disruption,1,,0.51,18.0,
FLEX,PSI-69,10.60555/mbq8-0451,PSI-69_Experimental table_FLEX.csv,93,92,061F002,2010-06-14T22:54:56Z,TP061,0.7atm|O2=0.25|CO2=0.15|He=0.00,Heptane,liquid_droplet,spherical_droplet,536.3,0.7057,0.7atm,0.25,0.6,0.15,0.0,1.0,0.1764,CO2,3.41,,quiescent_nominal,Disruption,disruption,1,,0.55,21.7,
FLEX,PSI-69,10.60555/mbq8-0451,PSI-69_Experimental table_FLEX.csv,94,93,149F001,2010-06-15T00:32:31Z,TP149,0.7atm|O2=0.25|CO2=0.15|He=0.00,Heptane,liquid_droplet,spherical_droplet,537.3,0.707,0.7atm,0.25,0.6,0.15,0.0,1.0,0.1768,CO2,2.48,,quiescent_nominal,Disruption,disruption,1,0.0,0.71,8.3,d_ext_without_extinction
FLEX,PSI-69,10.60555/mbq8-0451,PSI-69_Experimental table_FLEX.csv,95,94,C08H101,2010-06-15T02:10:43Z,C08,0.7atm|O2=0.24|CO2=0.20|He=0.00,Heptane,liquid_droplet,spherical_droplet,533.6,0.7021,0.7atm,0.24,0.56,0.2,0.0,1.0,0.1685,CO2,3.53,,quiescent_nominal,Extinction,extinction,0,2.76,0.51,10.1,
FLEX,PSI-69,10.60555/mbq8-0451,PSI-69_Experimental table_FLEX.csv,96,95,C08H201,2010-06-15T03:22:41Z,C08,0.7atm|O2=0.24|CO2=0.20|He=0.00,Heptane,liquid_droplet,spherical_droplet,534.4,0.7032,0.7atm,0.24,0.56,0.2,0.0,1.0,0.1688,CO2,3.6,,quiescent_nominal,Extinction,extinction,0,3.04,0.58,8.0,
FLEX,PSI-69,10.60555/mbq8-0451,PSI-69_Experimental table_FLEX.csv,97,96,C08H301,2010-06-15T04:37:39Z,C08,0.7atm|O2=0.24|CO2=0.20|He=0.00,Heptane,liquid_droplet,spherical_droplet,534.4,0.7032,0.7atm,0.24,0.56,0.2,0.0,1.0,0.1688,CO2,,,quiescent_nominal,Disruption,disruption,1,,,5.2,missing_d0
FLEX,PSI-69,10.60555/mbq8-0451,PSI-69_Experimental table_FLEX.csv,98,97,C08M101,2010-06-16T22:43:35Z,C08,0.7atm|O2=0.23|CO2=0.20|He=0.00,Methanol,liquid_droplet,spherical_droplet,534.2,0.7029,0.7atm,0.23,0.56,0.2,0.0,0.99,0.1617,CO2,4.25,,quiescent_nominal,Completion,completion,1,2.6,0.45,26.5,d_ext_without_extinction
FLEX,PSI-69,10.60555/mbq8-0451,PSI-69_Experimental table_FLEX.csv,99,98,C09M201,2010-06-21T14:21:26Z,C09,0.7atm|O2=0.23|CO2=0.25|He=0.00,Methanol,liquid_droplet,spherical_droplet,537.1,0.7067,0.7atm,0.23,0.52,0.25,0.0,1.0,0.1625,CO2,3.64,,quiescent_nominal,Extinction,extinction,0,1.74,0.47,22.9,
FLEX,PSI-69,10.60555/mbq8-0451,PSI-69_Experimental table_FLEX.csv,100,99,C09M101,2010-06-21T12:57:34Z,C09,0.7atm|O2=0.23|CO2=0.25|He=0.00,Methanol,liquid_droplet,spherical_droplet,535.0,0.7039,0.7atm,0.23,0.52,0.25,0.0,1.0,0.1619,CO2,4.28,,quiescent_nominal,Extinction,extinction,0,2.32,0.42,33.0,
FLEX,PSI-69,10.60555/mbq8-0451,PSI-69_Experimental table_FLEX.csv,101,100,C09H101,2010-06-29T08:30:46Z,C09,0.7atm|O2=0.23|CO2=0.25|He=0.00,Heptane,liquid_droplet,spherical_droplet,536.7,0.7062,0.7atm,0.23,0.52,0.25,0.0,1.0,0.1624,CO2,4.14,,quiescent_nominal,Extinction,extinction,0,3.98,0.34,6.1,
FLEX,PSI-69,10.60555/mbq8-0451,PSI-69_Experimental table_FLEX.csv,102,101,C09H201,2010-06-29T09:38:10Z,C09,0.7atm|O2=0.23|CO2=0.25|He=0.00,Heptane,liquid_droplet,spherical_droplet,538.7,0.7088,0.7atm,0.23,0.52,0.25,0.0,1.0,0.163,CO2,3.88,,quiescent_nominal,Extinction,extinction,0,3.45,0.5,6.5,
FLEX,PSI-69,10.60555/mbq8-0451,PSI-69_Experimental table_FLEX.csv,103,102,C10H101,2010-06-29T11:21:09Z,C10,0.7atm|O2=0.21|CO2=0.30|He=0.00,Heptane,liquid_droplet,spherical_droplet,534.2,0.7029,0.7atm,0.21,0.49,0.3,0.0,1.0,0.1476,CO2,3.57,,quiescent_nominal,Extinction,extinction,0,3.43,0.33,4.2,
FLEX,PSI-69,10.60555/mbq8-0451,PSI-69_Experimental table_FLEX.csv,104,103,C10H201,2010-06-29T11:56:02Z,C10,0.7atm|O2=0.21|CO2=0.30|He=0.00,Heptane,liquid_droplet,spherical_droplet,534.3,0.703,0.7atm,0.21,0.49,0.3,0.0,1.0,0.1476,CO2,4.0,,quiescent_nominal,Extinction,extinction,0,3.88,0.35,3.2,
FLEX,PSI-69,10.60555/mbq8-0451,PSI-69_Experimental table_FLEX.csv,105,104,C08M201,2010-06-16T23:04:00Z,C08,0.7atm|O2=0.23|CO2=0.20|He=0.00,Methanol,liquid_droplet,spherical_droplet,534.1,0.7028,0.7atm,0.23,0.56,0.2,0.0,0.99,0.1616,CO2,3.6,,quiescent_nominal,Extinction,extinction,0,1.58,0.49,23.2,
FLEX,PSI-69,10.60555/mbq8-0451,PSI-69_Experimental table_FLEX.csv,106,105,C08M301,2010-06-16T23:29:19Z,C08,0.7atm|O2=0.23|CO2=0.20|He=0.00,Methanol,liquid_droplet,spherical_droplet,534.6,0.7034,0.7atm,0.23,0.56,0.2,0.0,0.99,0.1618,CO2,4.17,,quiescent_nominal,Disruption,disruption,1,2.0,0.47,30.7,d_ext_without_extinction
FLEX,PSI-69,10.60555/mbq8-0451,PSI-69_Experimental table_FLEX.csv,107,106,C09M401,2010-06-21T15:52:51Z,C09,0.7atm|O2=0.23|CO2=0.25|He=0.00,Methanol,liquid_droplet,spherical_droplet,538.3,0.7083,0.7atm,0.23,0.52,0.25,0.0,1.0,0.1629,CO2,3.08,,quiescent_nominal,Disruption,disruption,1,1.75,0.51,14.1,d_ext_without_extinction
FLEX,PSI-69,10.60555/mbq8-0451,PSI-69_Experimental table_FLEX.csv,108,107,C08M401,2010-06-16T23:51:26Z,C08,0.7atm|O2=0.23|CO2=0.20|He=0.00,Methanol,liquid_droplet,spherical_droplet,535.0,0.7039,0.7atm,0.23,0.56,0.2,0.0,0.99,0.1619,CO2,3.18,,quiescent_nominal,Disruption,disruption,1,,0.52,15.1,
FLEX,PSI-69,10.60555/mbq8-0451,PSI-69_Experimental table_FLEX.csv,109,108,C09M301,2010-06-21T15:35:57Z,C09,0.7atm|O2=0.23|CO2=0.25|He=0.00,Methanol,liquid_droplet,spherical_droplet,538.3,0.7083,0.7atm,0.23,0.52,0.25,0.0,1.0,0.1629,CO2,3.75,,quiescent_nominal,Completion,completion,1,,0.47,24.3,
FLEX,PSI-69,10.60555/mbq8-0451,PSI-69_Experimental table_FLEX.csv,110,109,C10M102,2010-08-31T05:38:01Z,C10,0.7atm|O2=0.21|CO2=0.30|He=0.00,Methanol,liquid_droplet,spherical_droplet,536.5,0.7059,0.7atm,0.21,0.49,0.3,0.0,1.0,0.1482,CO2,3.56,,quiescent_nominal,Extinction,extinction,0,1.92,0.42,,
FLEX,PSI-69,10.60555/mbq8-0451,PSI-69_Experimental table_FLEX.csv,111,110,C10M201,2010-08-31T07:16:40Z,C10,0.7atm|O2=0.21|CO2=0.30|He=0.00,Methanol,liquid_droplet,spherical_droplet,537.0,0.7066,0.7atm,0.21,0.49,0.3,0.0,1.0,0.1484,CO2,2.83,,quiescent_nominal,Extinction,extinction,0,1.57,0.45,13.0,
FLEX,PSI-69,10.60555/mbq8-0451,PSI-69_Experimental table_FLEX.csv,112,111,C10M303,2010-08-31T08:58:24Z,C10,0.7atm|O2=0.21|CO2=0.30|He=0.00,Methanol,liquid_droplet,spherical_droplet,536.9,0.7064,0.7atm,0.21,0.49,0.3,0.0,1.0,0.1483,CO2,3.37,,quiescent_nominal,Completion,completion,1,2.1,0.45,16.4,d_ext_without_extinction
FLEX,PSI-69,10.60555/mbq8-0451,PSI-69_Experimental table_FLEX.csv,113,112,C10M401,2010-09-01T15:27:44Z,C10,0.7atm|O2=0.21|CO2=0.30|He=0.00,Methanol,liquid_droplet,spherical_droplet,530.7,0.6983,0.7atm,0.21,0.49,0.3,0.0,1.0,0.1466,CO2,3.99,,quiescent_nominal,Completion,completion,1,2.35,0.43,25.2,d_ext_without_extinction
FLEX,PSI-69,10.60555/mbq8-0451,PSI-69_Experimental table_FLEX.csv,114,113,C11M101,2010-09-01T19:17:58Z,C11,0.7atm|O2=0.20|CO2=0.35|He=0.00,Methanol,liquid_droplet,spherical_droplet,534.6,0.7034,0.7atm,0.2,0.45,0.35,0.0,1.0,0.1407,CO2,4.2,,quiescent_nominal,Extinction,extinction,0,2.85,0.49,18.2,
FLEX,PSI-69,10.60555/mbq8-0451,PSI-69_Experimental table_FLEX.csv,115,114,C11M201,2010-09-06T19:14:22Z,C11,0.7atm|O2=0.20|CO2=0.35|He=0.00,Methanol,liquid_droplet,spherical_droplet,,,0.7atm,0.2,0.45,0.35,0.0,1.0,,CO2,3.23,,quiescent_nominal,Extinction,extinction,0,1.68,0.42,18.9,pressure_invalid_zero;pressure_level_from_group
FLEX,PSI-69,10.60555/mbq8-0451,PSI-69_Experimental table_FLEX.csv,116,115,C11M301,2010-09-01T20:40:16Z,C11,0.7atm|O2=0.20|CO2=0.35|He=0.00,Methanol,liquid_droplet,spherical_droplet,535.8,0.705,0.7atm,0.2,0.45,0.35,0.0,1.0,0.141,CO2,3.97,,quiescent_nominal,Extinction,extinction,0,2.61,0.41,22.9,
FLEX,PSI-69,10.60555/mbq8-0451,PSI-69_Experimental table_FLEX.csv,117,116,C11M401,2010-09-01T20:57:41Z,C11,0.7atm|O2=0.20|CO2=0.35|He=0.00,Methanol,liquid_droplet,spherical_droplet,536.3,0.7057,0.7atm,0.2,0.45,0.35,0.0,1.0,0.1411,CO2,3.16,,quiescent_nominal,Extinction,extinction,0,1.57,0.46,16.9,
FLEX,PSI-69,10.60555/mbq8-0451,PSI-69_Experimental table_FLEX.csv,118,117,C11H101,2010-09-06T18:14:53Z,C11,0.7atm|O2=0.20|CO2=0.35|He=0.00,Heptane,liquid_droplet,spherical_droplet,531.1,0.6988,0.7atm,0.2,0.45,0.35,0.0,1.0,0.1398,CO2,3.84,,quiescent_nominal,Extinction,extinction,0,3.77,0.25,2.4,
FLEX,PSI-69,10.60555/mbq8-0451,PSI-69_Experimental table_FLEX.csv,119,118,C11H201,2010-09-06T19:14:22Z,C11,0.7atm|O2=0.20|CO2=0.35|He=0.00,Heptane,liquid_droplet,spherical_droplet,532.8,0.7011,0.7atm,0.2,0.44,0.35,0.0,0.99,0.1402,CO2,3.03,,quiescent_nominal,Extinction,extinction,0,2.93,0.38,2.5,
FLEX,PSI-69,10.60555/mbq8-0451,PSI-69_Experimental table_FLEX.csv,120,119,C12H103,2010-09-07T01:50:01Z,C12,0.7atm|O2=0.18|CO2=0.40|He=0.00,Heptane,liquid_droplet,spherical_droplet,532.6,0.7008,0.7atm,0.18,0.42,0.4,0.0,1.0,0.1261,CO2,2.6,,quiescent_nominal,Extinction,extinction,0,2.48,0.37,1.3,
FLEX,PSI-69,10.60555/mbq8-0451,PSI-69_Experimental table_FLEX.csv,121,120,C12H201,2010-09-07T01:08:26Z,C12,0.7atm|O2=0.18|CO2=0.40|He=0.00,Heptane,liquid_droplet,spherical_droplet,532.5,0.7007,0.7atm,0.18,0.42,0.4,0.0,1.0,0.1261,CO2,2.45,,quiescent_nominal,Extinction,extinction,0,2.39,0.38,1.43,
FLEX,PSI-69,10.60555/mbq8-0451,PSI-69_Experimental table_FLEX.csv,122,121,C12M101,2010-09-08T19:21:31Z,C12,0.7atm|O2=0.18|CO2=0.40|He=0.00,Methanol,liquid_droplet,spherical_droplet,526.3,0.6925,0.7atm,0.18,0.42,0.4,0.0,1.0,0.1246,CO2,4.25,,quiescent_nominal,Extinction,extinction,0,3.92,0.34,8.0,
FLEX,PSI-69,10.60555/mbq8-0451,PSI-69_Experimental table_FLEX.csv,123,122,C12M201,2010-09-08T21:44:37Z,C12,0.7atm|O2=0.18|CO2=0.40|He=0.00,Methanol,liquid_droplet,spherical_droplet,531.2,0.6989,0.7atm,0.18,0.42,0.4,0.0,1.0,0.1258,CO2,3.46,,quiescent_nominal,Extinction,extinction,0,2.58,0.41,13.9,
FLEX,PSI-69,10.60555/mbq8-0451,PSI-69_Experimental table_FLEX.csv,124,123,C12M301,2010-09-08T22:16:51Z,C12,0.7atm|O2=0.18|CO2=0.40|He=0.00,Methanol,liquid_droplet,spherical_droplet,532.0,0.7,0.7atm,0.18,0.42,0.4,0.0,1.0,0.126,CO2,4.13,,quiescent_nominal,Extinction,extinction,0,3.79,0.35,8.7,
FLEX,PSI-69,10.60555/mbq8-0451,PSI-69_Experimental table_FLEX.csv,125,124,C12M401,2010-09-08T22:45:54Z,C12,0.7atm|O2=0.18|CO2=0.40|He=0.00,Methanol,liquid_droplet,spherical_droplet,532.4,0.7005,0.7atm,0.18,0.42,0.4,0.0,1.0,0.1261,CO2,2.87,,quiescent_nominal,Extinction,extinction,0,2.74,0.3,2.4,
FLEX,PSI-69,10.60555/mbq8-0451,PSI-69_Experimental table_FLEX.csv,126,125,C13M103,2010-09-13T21:07:02Z,C13,0.7atm|O2=0.17|CO2=0.45|He=0.00,Methanol,liquid_droplet,spherical_droplet,537.2,0.7068,0.7atm,0.17,0.38,0.45,0.0,1.0,0.1202,CO2,3.63,,quiescent_nominal,Extinction,extinction,0,3.37,0.35,5.7,
FLEX,PSI-69,10.60555/mbq8-0451,PSI-69_Experimental table_FLEX.csv,127,126,C13M201,2010-09-13T18:11:39Z,C13,0.7atm|O2=0.17|CO2=0.45|He=0.00,Methanol,liquid_droplet,spherical_droplet,536.1,0.7054,0.7atm,0.17,0.38,0.45,0.0,1.0,0.1199,CO2,2.8,,quiescent_nominal,Extinction,extinction,0,1.84,0.4,11.7,
FLEX,PSI-69,10.60555/mbq8-0451,PSI-69_Experimental table_FLEX.csv,128,127,C13M301,2010-09-13T19:22:49Z,C13,0.7atm|O2=0.17|CO2=0.45|He=0.00,Methanol,liquid_droplet,spherical_droplet,536.7,0.7062,0.7atm,0.17,0.38,0.45,0.0,1.0,0.1201,CO2,3.22,,quiescent_nominal,Extinction,extinction,0,2.53,0.38,11.0,
FLEX,PSI-69,10.60555/mbq8-0451,PSI-69_Experimental table_FLEX.csv,129,128,C13M401,2010-09-13T19:49:24Z,C13,0.7atm|O2=0.17|CO2=0.45|He=0.00,Methanol,liquid_droplet,spherical_droplet,537.3,0.707,0.7atm,0.17,0.38,0.45,0.0,1.0,0.1202,CO2,2.91,,quiescent_nominal,Extinction,extinction,0,,0.39,11.5,extinction_d_ext_unmeasured
FLEX,PSI-69,10.60555/mbq8-0451,PSI-69_Experimental table_FLEX.csv,130,129,C13H102,2010-09-17T01:32:49Z,C13,0.7atm|O2=0.17|CO2=0.45|He=0.00,Heptane,liquid_droplet,spherical_droplet,536.2,0.7055,0.7atm,0.17,0.38,0.45,0.0,1.0,0.1199,CO2,3.33,,quiescent_nominal,Extinction,extinction,0,3.34,0.33,0.55,d_ext_gt_d0
FLEX,PSI-69,10.60555/mbq8-0451,PSI-69_Experimental table_FLEX.csv,131,130,C13H201,2010-09-17T03:55:59Z,C13,0.7atm|O2=0.17|CO2=0.45|He=0.00,Heptane,liquid_droplet,spherical_droplet,537.2,0.7068,0.7atm,0.17,0.38,0.45,0.0,1.0,0.1202,CO2,2.91,,quiescent_nominal,Extinction,extinction,0,2.89,0.05,0.6,
FLEX,PSI-69,10.60555/mbq8-0451,PSI-69_Experimental table_FLEX.csv,132,131,C21H101,2010-10-06T11:28:52Z,C21,1atm|O2=0.24|CO2=0.20|He=0.00,Heptane,liquid_droplet,spherical_droplet,763.9,1.0051,1atm,0.24,0.56,0.2,0.0,1.0,0.2412,CO2,1.72,,quiescent_nominal,Disruption,disruption,1,0.52,0.61,4.9,d_ext_without_extinction
FLEX,PSI-69,10.60555/mbq8-0451,PSI-69_Experimental table_FLEX.csv,133,132,C21H201,2010-10-06T12:59:06Z,C21,1atm|O2=0.24|CO2=0.20|He=0.00,Heptane,liquid_droplet,spherical_droplet,765.2,1.0068,1atm,0.24,0.56,0.2,0.0,1.0,0.2416,CO2,2.63,,quiescent_nominal,Disruption,disruption,1,0.53,0.6,12.4,d_ext_without_extinction
FLEX,PSI-69,10.60555/mbq8-0451,PSI-69_Experimental table_FLEX.csv,134,133,C21H301,2010-10-06T13:59:59Z,C21,1atm|O2=0.24|CO2=0.20|He=0.00,Heptane,liquid_droplet,spherical_droplet,766.7,1.0088,1atm,0.24,0.56,0.2,0.0,1.0,0.2421,CO2,3.25,,quiescent_nominal,Disruption,disruption,1,0.55,0.56,19.0,d_ext_without_extinction
FLEX,PSI-69,10.60555/mbq8-0451,PSI-69_Experimental table_FLEX.csv,135,134,C21H401,2010-10-06T14:57:06Z,C21,1atm|O2=0.24|CO2=0.20|He=0.00,Heptane,liquid_droplet,spherical_droplet,767.2,1.0095,1atm,0.24,0.56,0.2,0.0,1.0,0.2423,CO2,3.66,,quiescent_nominal,Extinction,extinction,0,2.88,0.56,9.2,
FLEX,PSI-69,10.60555/mbq8-0451,PSI-69_Experimental table_FLEX.csv,136,135,C21H501,2010-10-06T16:22:15Z,C21,1atm|O2=0.24|CO2=0.20|He=0.00,Heptane,liquid_droplet,spherical_droplet,768.2,1.0108,1atm,0.24,0.56,0.2,0.0,1.0,0.2426,CO2,2.78,,quiescent_nominal,Completion,completion,1,0.0,0.59,10.8,d_ext_without_extinction
FLEX,PSI-69,10.60555/mbq8-0451,PSI-69_Experimental table_FLEX.csv,137,136,C21H302,2010-10-06T17:30:58Z,C21,1atm|O2=0.24|CO2=0.20|He=0.00,Heptane,liquid_droplet,spherical_droplet,768.1,1.0107,1atm,0.24,0.56,0.2,0.0,1.0,0.2426,CO2,3.08,,quiescent_nominal,Completion,completion,1,,0.51,17.0,
FLEX,PSI-69,10.60555/mbq8-0451,PSI-69_Experimental table_FLEX.csv,138,137,C21H303,2010-10-06T17:53:35Z,C21,1atm|O2=0.24|CO2=0.20|He=0.00,Heptane,liquid_droplet,spherical_droplet,768.2,1.0108,1atm,0.24,0.56,0.2,0.0,1.0,0.2426,CO2,3.13,,quiescent_nominal,Disruption,disruption,1,,0.55,17.5,
FLEX,PSI-69,10.60555/mbq8-0451,PSI-69_Experimental table_FLEX.csv,139,138,C21H304,2010-10-06T18:08:43Z,C21,1atm|O2=0.24|CO2=0.20|He=0.00,Heptane,liquid_droplet,spherical_droplet,768.6,1.0113,1atm,0.24,0.56,0.2,0.0,1.0,0.2427,CO2,,,quiescent_nominal,Disruption,disruption,1,,,,missing_d0
FLEX,PSI-69,10.60555/mbq8-0451,PSI-69_Experimental table_FLEX.csv,140,139,C21H305,2010-10-06T19:09:45Z,C21,1atm|O2=0.24|CO2=0.20|He=0.00,Heptane,liquid_droplet,spherical_droplet,768.0,1.0105,1atm,0.24,0.56,0.2,0.0,1.0,0.2425,CO2,1.75,,quiescent_nominal,Disruption,disruption,1,,0.63,5.4,
FLEX,PSI-69,10.60555/mbq8-0451,PSI-69_Experimental table_FLEX.csv,141,140,C14M101,2010-11-04T16:52:39Z,C14,0.7atm|O2=0.15|CO2=0.50|He=0.00,Methanol,liquid_droplet,spherical_droplet,533.5,0.702,0.7atm,0.15,0.35,0.5,0.0,1.0,0.1053,CO2,3.98,,quiescent_nominal,Extinction,extinction,0,3.95,0.2,1.3,
FLEX,PSI-69,10.60555/mbq8-0451,PSI-69_Experimental table_FLEX.csv,142,141,C14M201,2010-11-04T18:07:51Z,C14,0.7atm|O2=0.15|CO2=0.50|He=0.00,Methanol,liquid_droplet,spherical_droplet,534.1,0.7028,0.7atm,0.15,0.35,0.5,0.0,1.0,0.1054,CO2,2.86,,quiescent_nominal,Extinction,extinction,0,2.73,0.3,2.3,
FLEX,PSI-69,10.60555/mbq8-0451,PSI-69_Experimental table_FLEX.csv,143,142,C14M301,2010-11-04T19:11:39Z,C14,0.7atm|O2=0.15|CO2=0.50|He=0.00,Methanol,liquid_droplet,spherical_droplet,534.5,0.7033,0.7atm,0.15,0.35,0.5,0.0,1.0,0.1055,CO2,1.86,,quiescent_nominal,Extinction,extinction,0,1.48,0.39,3.4,
FLEX,PSI-69,10.60555/mbq8-0451,PSI-69_Experimental table_FLEX.csv,144,143,C14M302,2010-11-04T20:19:22Z,C14,0.7atm|O2=0.15|CO2=0.50|He=0.00,Methanol,liquid_droplet,spherical_droplet,534.7,0.7036,0.7atm,0.15,0.35,0.5,0.0,1.0,0.1055,CO2,2.25,,quiescent_nominal,Extinction,extinction,0,2.06,0.36,2.7,
FLEX,PSI-69,10.60555/mbq8-0451,PSI-69_Experimental table_FLEX.csv,145,144,C01M101,2010-11-16T09:42:08Z,C01,1atm|O2=0.20|CO2=0.05|He=0.00,Methanol,liquid_droplet,spherical_droplet,761.9,1.0025,1atm,0.2,0.75,0.05,0.0,1.0,0.2005,CO2,3.53,,quiescent_nominal,Extinction,extinction,0,1.53,0.45,23.8,
FLEX,PSI-69,10.60555/mbq8-0451,PSI-69_Experimental table_FLEX.csv,146,145,C01M201,2010-11-16T10:21:24Z,C01,1atm|O2=0.20|CO2=0.05|He=0.00,Methanol,liquid_droplet,spherical_droplet,763.5,1.0046,1atm,0.2,0.75,0.05,0.0,1.0,0.2009,CO2,3.33,,quiescent_nominal,Extinction,extinction,0,1.61,0.45,20.0,
FLEX,PSI-69,10.60555/mbq8-0451,PSI-69_Experimental table_FLEX.csv,147,146,C01M301,2010-11-16T10:54:23Z,C01,1atm|O2=0.20|CO2=0.05|He=0.00,Methanol,liquid_droplet,spherical_droplet,765.5,1.0072,1atm,0.2,0.75,0.05,0.0,1.0,0.2014,CO2,4.35,,quiescent_nominal,Extinction,extinction,0,1.95,0.41,39.2,
FLEX,PSI-69,10.60555/mbq8-0451,PSI-69_Experimental table_FLEX.csv,148,147,C13M102,2010-09-13T17:35:49Z,C13,0.7atm|O2=0.17|CO2=0.45|He=0.00,Methanol,liquid_droplet,spherical_droplet,535.7,0.7049,0.7atm,0.17,0.38,0.45,0.0,1.0,0.1198,CO2,3.02,,quiescent_nominal,Extinction,extinction,0,2.49,0.4,7.8,
FLEX,PSI-69,10.60555/mbq8-0451,PSI-69_Experimental table_FLEX.csv,149,148,C01H101,2010-11-18T08:39:27Z,C01,1atm|O2=0.20|CO2=0.05|He=0.00,Heptane,liquid_droplet,spherical_droplet,764.4,1.0058,1atm,0.2,0.75,0.05,0.0,1.0,0.2012,CO2,2.58,,quiescent_nominal,Disruption,disruption,1,1.15,0.54,11.8,d_ext_without_extinction
FLEX,PSI-69,10.60555/mbq8-0451,PSI-69_Experimental table_FLEX.csv,150,149,C01H201,2010-11-18T09:25:38Z,C01,1atm|O2=0.20|CO2=0.05|He=0.00,Heptane,liquid_droplet,spherical_droplet,766.2,1.0082,1atm,0.2,0.75,0.05,0.0,1.0,0.2016,CO2,2.21,,quiescent_nominal,Disruption,disruption,1,0.82,0.53,8.9,d_ext_without_extinction
FLEX,PSI-69,10.60555/mbq8-0451,PSI-69_Experimental table_FLEX.csv,151,150,C01H302,2010-11-18T10:17:02Z,C01,1atm|O2=0.20|CO2=0.05|He=0.00,Heptane,liquid_droplet,spherical_droplet,767.6,1.01,1atm,0.2,0.75,0.05,0.0,1.0,0.202,CO2,3.18,,quiescent_nominal,Extinction,extinction,0,2.54,0.46,8.0,
FLEX,PSI-69,10.60555/mbq8-0451,PSI-69_Experimental table_FLEX.csv,152,151,C03M101,2010-12-08T18:31:22Z,C03,1atm|O2=0.18|CO2=0.15|He=0.00,Methanol,liquid_droplet,spherical_droplet,762.5,1.0033,1atm,0.18,0.67,0.15,0.0,1.0,0.1806,CO2,3.86,,quiescent_nominal,Completion,completion,1,,0.36,31.3,
FLEX,PSI-69,10.60555/mbq8-0451,PSI-69_Experimental table_FLEX.csv,153,152,C03M201,2010-12-08T20:10:32Z,C03,1atm|O2=0.18|CO2=0.15|He=0.00,Methanol,liquid_droplet,spherical_droplet,765.0,1.0066,1atm,0.18,0.67,0.15,0.0,1.0,0.1812,CO2,3.33,,quiescent_nominal,Extinction,extinction,0,1.23,0.43,23.2,
FLEX,PSI-69,10.60555/mbq8-0451,PSI-69_Experimental table_FLEX.csv,154,153,C03M301,2010-12-08T21:08:17Z,C03,1atm|O2=0.18|CO2=0.15|He=0.00,Methanol,liquid_droplet,spherical_droplet,765.6,1.0074,1atm,0.18,0.67,0.15,0.0,1.0,0.1813,CO2,2.78,,quiescent_nominal,Extinction,extinction,0,1.19,0.42,15.7,
FLEX,PSI-69,10.60555/mbq8-0451,PSI-69_Experimental table_FLEX.csv,155,154,C03H101,2010-12-09T16:02:14Z,C03,1atm|O2=0.18|CO2=0.15|He=0.00,Heptane,liquid_droplet,spherical_droplet,762.3,1.003,1atm,0.18,0.67,0.15,0.0,1.0,0.1805,CO2,3.7,,quiescent_nominal,Extinction,extinction,0,3.6,0.34,2.2,
FLEX,PSI-69,10.60555/mbq8-0451,PSI-69_Experimental table_FLEX.csv,156,155,C03H201,2010-12-09T17:49:08Z,C03,1atm|O2=0.18|CO2=0.15|He=0.00,Heptane,liquid_droplet,spherical_droplet,764.9,1.0064,1atm,0.18,0.67,0.15,0.0,1.0,0.1812,CO2,2.73,,quiescent_nominal,Extinction,extinction,0,2.52,0.39,2.7,
FLEX,PSI-69,10.60555/mbq8-0451,PSI-69_Experimental table_FLEX.csv,157,156,C03H401,2010-12-09T19:12:27Z,C03,1atm|O2=0.18|CO2=0.15|He=0.00,Heptane,liquid_droplet,spherical_droplet,765.7,1.0075,1atm,0.18,0.67,0.15,0.0,1.0,0.1814,CO2,1.34,,quiescent_nominal,Completion,completion,1,0.45,0.48,3.2,d_ext_without_extinction
FLEX,PSI-69,10.60555/mbq8-0451,PSI-69_Experimental table_FLEX.csv,158,157,C05M101,2010-12-14T13:41:00Z,C05,1atm|O2=0.16|CO2=0.25|He=0.00,Methanol,liquid_droplet,spherical_droplet,762.1,1.0028,1atm,0.16,0.59,0.25,0.0,1.0,0.1604,CO2,4.24,,quiescent_nominal,Extinction,extinction,0,3.96,0.3,7.6,
FLEX,PSI-69,10.60555/mbq8-0451,PSI-69_Experimental table_FLEX.csv,159,158,C05M201,2010-12-14T14:30:46Z,C05,1atm|O2=0.16|CO2=0.25|He=0.00,Methanol,liquid_droplet,spherical_droplet,764.4,1.0058,1atm,0.16,0.59,0.25,0.0,1.0,0.1609,CO2,3.7,,quiescent_nominal,Extinction,extinction,0,3.22,0.37,10.1,
FLEX,PSI-69,10.60555/mbq8-0451,PSI-69_Experimental table_FLEX.csv,160,159,C05M301,2010-12-14T15:17:59Z,C05,1atm|O2=0.16|CO2=0.25|He=0.00,Methanol,liquid_droplet,spherical_droplet,765.5,1.0072,1atm,0.16,0.59,0.25,0.0,1.0,0.1612,CO2,2.71,,quiescent_nominal,Extinction,extinction,0,1.34,0.38,14.9,
FLEX,PSI-69,10.60555/mbq8-0451,PSI-69_Experimental table_FLEX.csv,161,160,C05M401,2010-12-14T17:51:58Z,C05,1atm|O2=0.16|CO2=0.25|He=0.00,Methanol,liquid_droplet,spherical_droplet,767.6,1.01,1atm,0.16,0.59,0.25,0.0,1.0,0.1616,CO2,2.77,,quiescent_nominal,Extinction,extinction,0,1.52,0.38,14.8,
FLEX,PSI-69,10.60555/mbq8-0451,PSI-69_Experimental table_FLEX.csv,162,161,C06M101,2010-12-28T11:41:39Z,C06,1atm|O2=0.15|CO2=0.32|He=0.00,Methanol,liquid_droplet,spherical_droplet,763.3,1.0043,1atm,0.15,0.54,0.32,0.0,1.01,0.1506,CO2,3.72,,quiescent_nominal,Extinction,extinction,0,3.5,0.28,6.0,
FLEX,PSI-69,10.60555/mbq8-0451,PSI-69_Experimental table_FLEX.csv,163,162,C06M201,2010-12-28T12:05:23Z,C06,1atm|O2=0.15|CO2=0.32|He=0.00,Methanol,liquid_droplet,spherical_droplet,764.4,1.0058,1atm,0.15,0.53,0.32,0.0,1.0,0.1509,CO2,3.05,,quiescent_nominal,Extinction,extinction,0,2.54,0.37,8.5,
FLEX,PSI-69,10.60555/mbq8-0451,PSI-69_Experimental table_FLEX.csv,164,163,C06M301,2010-12-28T13:00:43Z,C06,1atm|O2=0.15|CO2=0.32|He=0.00,Methanol,liquid_droplet,spherical_droplet,765.9,1.0078,1atm,0.15,0.53,0.32,0.0,1.0,0.1512,CO2,2.59,,quiescent_nominal,Extinction,extinction,0,1.63,0.37,11.6,
FLEX,PSI-69,10.60555/mbq8-0451,PSI-69_Experimental table_FLEX.csv,165,164,C06M401,2010-12-28T13:36:43Z,C06,1atm|O2=0.15|CO2=0.32|He=0.00,Methanol,liquid_droplet,spherical_droplet,766.1,1.008,1atm,0.15,0.53,0.32,0.0,1.0,0.1512,CO2,2.59,,quiescent_nominal,Extinction,extinction,0,1.79,0.42,8.9,
FLEX,PSI-69,10.60555/mbq8-0451,PSI-69_Experimental table_FLEX.csv,166,165,C03H302,2010-12-09T18:51:34Z,C03,1atm|O2=0.18|CO2=0.15|He=0.00,Heptane,liquid_droplet,spherical_droplet,765.4,1.0071,1atm,0.18,0.67,0.15,0.0,1.0,0.1813,CO2,1.96,,quiescent_nominal,Extinction,extinction,0,1.39,0.54,3.9,
FLEX,PSI-69,10.60555/mbq8-0451,PSI-69_Experimental table_FLEX.csv,167,166,C07M101,2011-01-12T21:56:45Z,C07,1atm|O2=0.14|CO2=0.36|He=0.00,Methanol,liquid_droplet,spherical_droplet,760.8,1.0011,1atm,0.14,0.5,0.36,0.0,1.0,0.1402,CO2,3.22,,quiescent_nominal,Extinction,extinction,0,3.08,0.28,3.4,
FLEX,PSI-69,10.60555/mbq8-0451,PSI-69_Experimental table_FLEX.csv,168,167,C07M201,2011-01-12T22:11:40Z,C07,1atm|O2=0.14|CO2=0.36|He=0.00,Methanol,liquid_droplet,spherical_droplet,761.6,1.0021,1atm,0.14,0.5,0.36,0.0,1.0,0.1403,CO2,2.32,,quiescent_nominal,Extinction,extinction,0,1.84,0.37,5.9,
FLEX,PSI-69,10.60555/mbq8-0451,PSI-69_Experimental table_FLEX.csv,169,168,C15M101,2011-01-18T12:54:25Z,C15,1atm|O2=0.21|CO2=0.15|He=0.00,Methanol,liquid_droplet,spherical_droplet,763.4,1.0045,1atm,0.21,0.64,0.15,0.0,1.0,0.2109,CO2,3.03,,quiescent_nominal,Disruption,disruption,1,1.57,0.48,15.6,d_ext_without_extinction
FLEX,PSI-69,10.60555/mbq8-0451,PSI-69_Experimental table_FLEX.csv,170,169,C15M201,2011-01-18T14:19:29Z,C15,1atm|O2=0.21|CO2=0.15|He=0.00,Methanol,liquid_droplet,spherical_droplet,766.1,1.008,1atm,0.21,0.64,0.15,0.0,1.0,0.2117,CO2,3.05,,quiescent_nominal,Extinction,extinction,0,1.28,0.51,16.7,
FLEX,PSI-69,10.60555/mbq8-0451,PSI-69_Experimental table_FLEX.csv,171,170,C15M301,2011-01-18T15:58:46Z,C15,1atm|O2=0.21|CO2=0.15|He=0.00,Methanol,liquid_droplet,spherical_droplet,766.7,1.0088,1atm,0.21,0.64,0.15,0.0,1.0,0.2118,CO2,3.53,,quiescent_nominal,Extinction,extinction,0,1.59,0.46,23.6,
FLEX,PSI-69,10.60555/mbq8-0451,PSI-69_Experimental table_FLEX.csv,172,171,C03H501,2011-02-21T17:56:40Z,C03,1atm|O2=0.18|CO2=0.15|He=0.00,Heptane,liquid_droplet,spherical_droplet,759.9,0.9999,1atm,0.18,0.67,0.15,0.0,1.0,0.18,CO2,3.74,,quiescent_nominal,Extinction,extinction,0,3.68,0.35,2.8,
FLEX,PSI-69,10.60555/mbq8-0451,PSI-69_Experimental table_FLEX.csv,173,172,C03H601,2011-02-21T19:07:48Z,C03,1atm|O2=0.18|CO2=0.15|He=0.00,Heptane,liquid_droplet,spherical_droplet,762.0,1.0026,1atm,0.18,0.67,0.15,0.0,1.0,0.1805,CO2,2.4,,quiescent_nominal,Extinction,extinction,0,1.96,0.46,4.4,
FLEX,PSI-69,10.60555/mbq8-0451,PSI-69_Experimental table_FLEX.csv,174,173,C03H701,2011-02-21T19:17:37Z,C03,1atm|O2=0.18|CO2=0.15|He=0.00,Heptane,liquid_droplet,spherical_droplet,762.1,1.0028,1atm,0.18,0.67,0.15,0.0,1.0,0.1805,CO2,1.35,,quiescent_nominal,Disruption,disruption,1,0.47,0.5,3.6,d_ext_without_extinction
FLEX,PSI-69,10.60555/mbq8-0451,PSI-69_Experimental table_FLEX.csv,175,174,C08H502,2011-02-21T22:15:54Z,C08,0.7atm|O2=0.24|CO2=0.20|He=0.00,Heptane,liquid_droplet,spherical_droplet,531.7,0.6996,0.7atm,0.24,0.56,0.2,0.0,1.0,0.1679,CO2,2.5,,quiescent_nominal,Disruption,disruption,1,0.21,0.56,11.2,d_ext_without_extinction
FLEX,PSI-69,10.60555/mbq8-0451,PSI-69_Experimental table_FLEX.csv,176,175,C08H601,2011-02-21T22:43:37Z,C08,0.7atm|O2=0.24|CO2=0.20|He=0.00,Heptane,liquid_droplet,spherical_droplet,532.1,0.7001,0.7atm,0.24,0.56,0.2,0.0,1.0,0.168,CO2,2.88,,quiescent_nominal,Disruption,disruption,1,,0.55,15.6,
FLEX,PSI-69,10.60555/mbq8-0451,PSI-69_Experimental table_FLEX.csv,177,176,C08M501,2011-04-18T20:27:36Z,C08,0.7atm|O2=0.24|CO2=0.20|He=0.00,Methanol,liquid_droplet,spherical_droplet,536.9,0.7064,0.7atm,0.24,0.56,0.2,0.0,1.0,0.1695,CO2,4.53,,quiescent_nominal,Extinction,extinction,0,,0.46,38.2,extinction_d_ext_unmeasured
FLEX,PSI-69,10.60555/mbq8-0451,PSI-69_Experimental table_FLEX.csv,178,177,C08M601,2011-04-18T20:52:24Z,C08,0.7atm|O2=0.24|CO2=0.20|He=0.00,Methanol,liquid_droplet,spherical_droplet,537.0,0.7066,0.7atm,0.24,0.56,0.2,0.0,1.0,0.1696,CO2,3.02,,quiescent_nominal,Extinction,extinction,0,1.35,0.52,14.5,
FLEX,PSI-69,10.60555/mbq8-0451,PSI-69_Experimental table_FLEX.csv,179,178,C09H501,2011-04-20T17:56:25Z,C09,0.7atm|O2=0.23|CO2=0.25|He=0.00,Heptane,liquid_droplet,spherical_droplet,533.6,0.7021,0.7atm,0.23,0.52,0.25,0.0,1.0,0.1615,CO2,3.32,,quiescent_nominal,Extinction,extinction,0,2.61,0.5,8.9,
FLEX,PSI-69,10.60555/mbq8-0451,PSI-69_Experimental table_FLEX.csv,180,179,C09H601,2011-04-20T18:22:58Z,C09,0.7atm|O2=0.23|CO2=0.25|He=0.00,Heptane,liquid_droplet,spherical_droplet,534.4,0.7032,0.7atm,0.23,0.52,0.25,0.0,1.0,0.1617,CO2,2.07,,quiescent_nominal,Disruption,disruption,1,0.48,0.57,7.5,d_ext_without_extinction
FLEX,PSI-69,10.60555/mbq8-0451,PSI-69_Experimental table_FLEX.csv,181,180,C02H101,2011-04-20T20:00:24Z,C02,1atm|O2=0.19|CO2=0.10|He=0.00,Heptane,liquid_droplet,spherical_droplet,758.4,0.9979,1atm,0.19,0.71,0.1,0.0,1.0,0.1896,CO2,3.4,,quiescent_nominal,Extinction,extinction,0,3.13,0.41,4.5,
FLEX,PSI-69,10.60555/mbq8-0451,PSI-69_Experimental table_FLEX.csv,182,181,C02H201,2011-04-20T21:14:08Z,C02,1atm|O2=0.19|CO2=0.10|He=0.00,Heptane,liquid_droplet,spherical_droplet,759.1,0.9988,1atm,0.19,0.71,0.1,0.0,1.0,0.1898,CO2,2.48,,quiescent_nominal,Extinction,extinction,0,1.68,0.49,7.0,
FLEX,PSI-69,10.60555/mbq8-0451,PSI-69_Experimental table_FLEX.csv,183,182,C02H202,2011-04-20T21:26:02Z,C02,1atm|O2=0.19|CO2=0.10|He=0.00,Heptane,liquid_droplet,spherical_droplet,759.0,0.9987,1atm,0.19,0.71,0.1,0.0,1.0,0.1898,CO2,1.64,,quiescent_nominal,Disruption,disruption,1,0.49,0.54,5.1,d_ext_without_extinction
FLEX,PSI-69,10.60555/mbq8-0451,PSI-69_Experimental table_FLEX.csv,184,183,C09M501,2011-08-08T13:14:11Z,C09,0.7atm|O2=0.23|CO2=0.25|He=0.00,Methanol,liquid_droplet,spherical_droplet,534.4,0.7032,0.7atm,0.23,0.52,0.25,0.0,1.0,0.1617,CO2,3.72,,quiescent_nominal,Extinction,extinction,0,,0.53,26.2,extinction_d_ext_unmeasured
FLEX,PSI-69,10.60555/mbq8-0451,PSI-69_Experimental table_FLEX.csv,185,184,C09M502,2011-08-08T13:30:14Z,C09,0.7atm|O2=0.23|CO2=0.25|He=0.00,Methanol,liquid_droplet,spherical_droplet,535.1,0.7041,0.7atm,0.23,0.52,0.25,0.0,1.0,0.1619,CO2,3.42,,quiescent_nominal,Extinction,extinction,0,,0.51,15.8,extinction_d_ext_unmeasured
FLEX,PSI-69,10.60555/mbq8-0451,PSI-69_Experimental table_FLEX.csv,186,185,C09M601,2011-08-08T13:42:04Z,C09,0.7atm|O2=0.23|CO2=0.25|He=0.00,Methanol,liquid_droplet,spherical_droplet,535.2,0.7042,0.7atm,0.23,0.52,0.25,0.0,1.0,0.162,CO2,2.8,,quiescent_nominal,Extinction,extinction,0,1.33,0.51,12.7,
FLEX,PSI-69,10.60555/mbq8-0451,PSI-69_Experimental table_FLEX.csv,187,186,C09M701,2011-08-08T14:52:15Z,C09,0.7atm|O2=0.23|CO2=0.25|He=0.00,Methanol,liquid_droplet,spherical_droplet,536.2,0.7055,0.7atm,0.23,0.52,0.25,0.0,1.0,0.1623,CO2,2.47,,quiescent_nominal,Extinction,extinction,0,1.21,0.52,9.2,
FLEX,PSI-69,10.60555/mbq8-0451,PSI-69_Experimental table_FLEX.csv,188,187,C02M101,2011-08-08T16:16:48Z,C02,1atm|O2=0.19|CO2=0.10|He=0.00,Methanol,liquid_droplet,spherical_droplet,758.0,0.9974,1atm,0.19,0.71,0.1,0.0,1.0,0.1895,CO2,3.38,,quiescent_nominal,Extinction,extinction,0,1.29,0.47,21.8,
FLEX,PSI-69,10.60555/mbq8-0451,PSI-69_Experimental table_FLEX.csv,189,188,C02M201,2011-08-08T17:49:19Z,C02,1atm|O2=0.19|CO2=0.10|He=0.00,Methanol,liquid_droplet,spherical_droplet,758.1,0.9975,1atm,0.19,0.71,0.1,0.0,1.0,0.1895,CO2,2.47,,quiescent_nominal,Extinction,extinction,0,1.08,0.46,11.0,
FLEX,PSI-69,10.60555/mbq8-0451,PSI-69_Experimental table_FLEX.csv,190,189,C03M501,2011-08-09T10:53:21Z,C03,1atm|O2=0.18|CO2=0.15|He=0.00,Methanol,liquid_droplet,spherical_droplet,761.2,1.0016,1atm,0.18,0.67,0.15,0.0,1.0,0.1803,CO2,3.77,,quiescent_nominal,Extinction,extinction,0,1.78,0.42,30.5,
FLEX,PSI-69,10.60555/mbq8-0451,PSI-69_Experimental table_FLEX.csv,191,190,C03M601,2011-08-09T12:28:41Z,C03,1atm|O2=0.18|CO2=0.15|He=0.00,Methanol,liquid_droplet,spherical_droplet,764.6,1.0061,1atm,0.18,0.67,0.15,0.0,1.0,0.1811,CO2,2.74,,quiescent_nominal,Extinction,extinction,0,0.95,0.5,14.0,
FLEX,PSI-69,10.60555/mbq8-0451,PSI-69_Experimental table_FLEX.csv,192,191,C03M701,2011-08-09T12:46:53Z,C03,1atm|O2=0.18|CO2=0.15|He=0.00,Methanol,liquid_droplet,spherical_droplet,765.3,1.007,1atm,0.18,0.67,0.15,0.0,1.0,0.1813,CO2,1.76,,quiescent_nominal,Extinction,extinction,0,0.81,0.46,5.5,
FLEX,PSI-69,10.60555/mbq8-0451,PSI-69_Experimental table_FLEX.csv,193,192,C04M101,2011-08-09T17:07:27Z,C04,1atm|O2=0.17|CO2=0.20|He=0.00,Methanol,liquid_droplet,spherical_droplet,759.5,0.9993,1atm,0.17,0.63,0.2,0.0,1.0,0.1699,CO2,3.46,,quiescent_nominal,Extinction,extinction,0,,0.39,21.8,extinction_d_ext_unmeasured
FLEX,PSI-69,10.60555/mbq8-0451,PSI-69_Experimental table_FLEX.csv,194,193,C04M201,2011-08-09T18:26:45Z,C04,1atm|O2=0.17|CO2=0.20|He=0.00,Methanol,liquid_droplet,spherical_droplet,759.1,0.9988,1atm,0.17,0.63,0.2,0.0,1.0,0.1698,CO2,2.77,,quiescent_nominal,Extinction,extinction,0,1.27,0.4,15.6,
FLEX,PSI-69,10.60555/mbq8-0451,PSI-69_Experimental table_FLEX.csv,195,194,C04H101,2011-08-17T22:31:20Z,C04,1atm|O2=0.17|CO2=0.20|He=0.00,Heptane,liquid_droplet,spherical_droplet,752.0,0.9895,1atm,0.17,0.63,0.2,0.0,1.0,0.1682,CO2,3.76,,quiescent_nominal,Extinction,extinction,0,3.71,0.29,1.6,
FLEX,PSI-69,10.60555/mbq8-0451,PSI-69_Experimental table_FLEX.csv,196,195,C04H201,2011-08-17T22:53:58Z,C04,1atm|O2=0.17|CO2=0.20|He=0.00,Heptane,liquid_droplet,spherical_droplet,752.5,0.9901,1atm,0.17,0.63,0.2,0.0,1.0,0.1683,CO2,2.9,,quiescent_nominal,Extinction,extinction,0,2.79,0.36,1.9,
FLEX,PSI-69,10.60555/mbq8-0451,PSI-69_Experimental table_FLEX.csv,197,196,C01H501,2011-08-18T00:24:31Z,C01,1atm|O2=0.20|CO2=0.05|He=0.00,Heptane,liquid_droplet,spherical_droplet,758.4,0.9979,1atm,0.2,0.75,0.05,0.0,1.0,0.1996,CO2,3.06,,quiescent_nominal,Extinction,extinction,0,2.28,0.52,8.9,
FLEX,PSI-69,10.60555/mbq8-0451,PSI-69_Experimental table_FLEX.csv,198,197,C01H601,2011-08-18T01:38:10Z,C01,1atm|O2=0.20|CO2=0.05|He=0.00,Heptane,liquid_droplet,spherical_droplet,759.8,0.9997,1atm,0.2,0.75,0.05,0.0,1.0,0.1999,CO2,3.04,,quiescent_nominal,Extinction,extinction,0,2.33,0.49,8.1,
FLEX,PSI-69,10.60555/mbq8-0451,PSI-69_Experimental table_FLEX.csv,199,198,C01H701,2011-08-18T01:55:56Z,C01,1atm|O2=0.20|CO2=0.05|He=0.00,Heptane,liquid_droplet,spherical_droplet,760.1,1.0001,1atm,0.2,0.75,0.05,0.0,1.0,0.2,CO2,2.12,,quiescent_nominal,Disruption,disruption,1,0.13,0.53,8.7,d_ext_without_extinction
FLEX,PSI-69,10.60555/mbq8-0451,PSI-69_Experimental table_FLEX.csv,200,199,C01M501,2011-08-24T15:07:47Z,C01,1atm|O2=0.20|CO2=0.05|He=0.00,Methanol,liquid_droplet,spherical_droplet,754.0,0.9921,1atm,0.2,0.75,0.05,0.0,1.0,0.1984,CO2,3.37,,quiescent_nominal,Extinction,extinction,0,0.98,0.49,21.0,
FLEX,PSI-69,10.60555/mbq8-0451,PSI-69_Experimental table_FLEX.csv,201,200,C01M602,2011-08-24T15:56:17Z,C01,1atm|O2=0.20|CO2=0.05|He=0.00,Methanol,liquid_droplet,spherical_droplet,756.1,0.9949,1atm,0.2,0.75,0.05,0.0,1.0,0.199,CO2,2.57,,quiescent_nominal,Extinction,extinction,0,1.13,0.47,11.7,
FLEX,PSI-69,10.60555/mbq8-0451,PSI-69_Experimental table_FLEX.csv,202,201,C01M603,2011-08-24T16:18:58Z,C01,1atm|O2=0.20|CO2=0.05|He=0.00,Methanol,liquid_droplet,spherical_droplet,756.9,0.9959,1atm,0.2,0.75,0.05,0.0,1.0,0.1992,CO2,2.4,,quiescent_nominal,Extinction,extinction,0,1.05,0.48,10.2,
FLEX,PSI-69,10.60555/mbq8-0451,PSI-69_Experimental table_FLEX.csv,203,202,N01M101,2011-08-24T21:05:01Z,N01,1atm|O2=0.21|CO2=0.00|He=0.00,Methanol,liquid_droplet,spherical_droplet,760.2,1.0003,1atm,0.21,0.79,0.0,0.0,1.0,0.2101,N2,3.3,,quiescent_nominal,Extinction,extinction,0,1.42,0.47,19.5,
FLEX,PSI-69,10.60555/mbq8-0451,PSI-69_Experimental table_FLEX.csv,204,203,N01M201,2011-08-24T21:58:36Z,N01,1atm|O2=0.21|CO2=0.00|He=0.00,Methanol,liquid_droplet,spherical_droplet,761.6,1.0021,1atm,0.21,0.79,0.0,0.0,1.0,0.2104,N2,2.75,,quiescent_nominal,Extinction,extinction,0,1.11,0.52,12.8,
FLEX,PSI-69,10.60555/mbq8-0451,PSI-69_Experimental table_FLEX.csv,205,204,N01H101,2011-08-29T19:04:50Z,N01,1atm|O2=0.21|CO2=0.00|He=0.00,Heptane,liquid_droplet,spherical_droplet,756.5,0.9954,1atm,0.21,0.79,0.0,0.0,1.0,0.209,N2,3.56,,quiescent_nominal,Disruption,disruption,1,,0.43,23.9,
FLEX,PSI-69,10.60555/mbq8-0451,PSI-69_Experimental table_FLEX.csv,206,205,N01H102,2011-08-29T19:21:49Z,N01,1atm|O2=0.21|CO2=0.00|He=0.00,Heptane,liquid_droplet,spherical_droplet,757.3,0.9964,1atm,0.21,0.79,0.0,0.0,1.0,0.2092,N2,3.58,,quiescent_nominal,Disruption,disruption,1,,0.42,24.0,
FLEX,PSI-69,10.60555/mbq8-0451,PSI-69_Experimental table_FLEX.csv,207,206,N01H201,2011-08-29T20:28:30Z,N01,1atm|O2=0.21|CO2=0.00|He=0.00,Heptane,liquid_droplet,spherical_droplet,760.2,1.0003,1atm,0.21,0.79,0.0,0.0,1.0,0.2101,N2,2.96,,quiescent_nominal,Disruption,disruption,1,0.47,0.5,17.1,d_ext_without_extinction
FLEX,PSI-69,10.60555/mbq8-0451,PSI-69_Experimental table_FLEX.csv,208,207,N01H202,2011-08-29T21:54:40Z,N01,1atm|O2=0.21|CO2=0.00|He=0.00,Heptane,liquid_droplet,spherical_droplet,762.7,1.0036,1atm,0.21,0.79,0.0,0.0,1.0,0.2108,N2,2.72,,quiescent_nominal,Completion,completion,1,1.13,0.54,11.5,d_ext_without_extinction
FLEX,PSI-69,10.60555/mbq8-0451,PSI-69_Experimental table_FLEX.csv,209,208,N01H301,2011-08-29T22:19:47Z,N01,1atm|O2=0.21|CO2=0.00|He=0.00,Heptane,liquid_droplet,spherical_droplet,762.9,1.0038,1atm,0.21,0.79,0.0,0.0,1.0,0.2108,N2,2.92,,quiescent_nominal,Completion,completion,1,,0.69,12.8,
FLEX,PSI-69,10.60555/mbq8-0451,PSI-69_Experimental table_FLEX.csv,210,209,N02H101,2011-08-29T23:36:18Z,N02,1atm|O2=0.16|CO2=0.00|He=0.00,Heptane,liquid_droplet,spherical_droplet,759.8,0.9997,1atm,0.16,0.84,0.0,0.0,1.0,0.16,N2,3.34,,quiescent_nominal,Extinction,extinction,0,3.18,0.34,3.4,
FLEX,PSI-69,10.60555/mbq8-0451,PSI-69_Experimental table_FLEX.csv,211,210,N02H201,2011-08-29T23:51:11Z,N02,1atm|O2=0.16|CO2=0.00|He=0.00,Heptane,liquid_droplet,spherical_droplet,759.8,0.9997,1atm,0.16,0.84,0.0,0.0,1.0,0.16,N2,,,quiescent_nominal,Extinction,extinction,0,,,,missing_d0;extinction_d_ext_unmeasured
FLEX,PSI-69,10.60555/mbq8-0451,PSI-69_Experimental table_FLEX.csv,212,211,N02H203,2011-08-30T00:58:06Z,N02,1atm|O2=0.16|CO2=0.00|He=0.00,Heptane,liquid_droplet,spherical_droplet,759.9,0.9999,1atm,0.16,0.84,0.0,0.0,1.0,0.16,N2,2.52,,quiescent_nominal,Extinction,extinction,0,2.13,0.42,4.5,
FLEX,PSI-69,10.60555/mbq8-0451,PSI-69_Experimental table_FLEX.csv,213,212,N03H101,2011-09-01T19:44:42Z,N03,1atm|O2=0.15|CO2=0.00|He=0.00,Heptane,liquid_droplet,spherical_droplet,764.0,1.0053,1atm,0.15,0.85,0.0,0.0,1.0,0.1508,N2,2.55,,quiescent_nominal,Extinction,extinction,0,2.31,0.37,3.4,
FLEX,PSI-69,10.60555/mbq8-0451,PSI-69_Experimental table_FLEX.csv,214,213,N04H101,2011-09-01T22:54:16Z,N04,1atm|O2=0.14|CO2=0.00|He=0.00,Heptane,liquid_droplet,spherical_droplet,759.8,0.9997,1atm,0.14,0.86,0.0,0.0,1.0,0.14,N2,4.16,,quiescent_nominal,Extinction,extinction,0,4.15,0.24,1.6,
FLEX,PSI-69,10.60555/mbq8-0451,PSI-69_Experimental table_FLEX.csv,215,214,N04H201,2011-09-01T23:17:17Z,N04,1atm|O2=0.14|CO2=0.00|He=0.00,Heptane,liquid_droplet,spherical_droplet,759.9,0.9999,1atm,0.14,0.86,0.0,0.0,1.0,0.14,N2,1.83,,quiescent_nominal,Extinction,extinction,0,,0.39,3.8,extinction_d_ext_unmeasured
FLEX,PSI-69,10.60555/mbq8-0451,PSI-69_Experimental table_FLEX.csv,216,215,N04M101,2011-09-08T17:00:27Z,N04,1atm|O2=0.14|CO2=0.00|He=0.00,Methanol,liquid_droplet,spherical_droplet,757.6,0.9968,1atm,0.14,0.86,0.0,0.0,1.0,0.1396,N2,3.5,,quiescent_nominal,Extinction,extinction,0,,0.3,26.0,extinction_d_ext_unmeasured
FLEX,PSI-69,10.60555/mbq8-0451,PSI-69_Experimental table_FLEX.csv,217,216,N04M201,2011-09-08T17:21:15Z,N04,1atm|O2=0.14|CO2=0.00|He=0.00,Methanol,liquid_droplet,spherical_droplet,758.3,0.9978,1atm,0.14,0.86,0.0,0.0,1.0,0.1397,N2,2.67,,quiescent_nominal,Extinction,extinction,0,1.27,0.38,15.6,
FLEX,PSI-69,10.60555/mbq8-0451,PSI-69_Experimental table_FLEX.csv,218,217,N05M101,2011-09-08T19:00:48Z,N05,1atm|O2=0.13|CO2=0.00|He=0.00,Methanol,liquid_droplet,spherical_droplet,759.4,0.9992,1atm,0.13,0.87,0.0,0.0,1.0,0.1299,N2,3.46,,quiescent_nominal,Extinction,extinction,0,2.96,0.36,9.5,
FLEX,PSI-69,10.60555/mbq8-0451,PSI-69_Experimental table_FLEX.csv,219,218,N05M201,2011-09-08T20:24:20Z,N05,1atm|O2=0.13|CO2=0.00|He=0.00,Methanol,liquid_droplet,spherical_droplet,760.6,1.0008,1atm,0.13,0.87,0.0,0.0,1.0,0.1301,N2,2.75,,quiescent_nominal,Extinction,extinction,0,1.46,0.35,16.3,
FLEX,PSI-69,10.60555/mbq8-0451,PSI-69_Experimental table_FLEX.csv,220,219,N06M101,2011-09-09T13:09:53Z,N06,1atm|O2=0.12|CO2=0.00|He=0.00,Methanol,liquid_droplet,spherical_droplet,761.6,1.0021,1atm,0.12,0.88,0.0,0.0,1.0,0.1203,N2,2.6,,quiescent_nominal,Extinction,extinction,0,2.09,0.36,6.9,
FLEX,PSI-69,10.60555/mbq8-0451,PSI-69_Experimental table_FLEX.csv,221,220,N06M201,2011-09-09T13:28:43Z,N06,1atm|O2=0.12|CO2=0.00|He=0.00,Methanol,liquid_droplet,spherical_droplet,761.9,1.0025,1atm,0.12,0.88,0.0,0.0,1.0,0.1203,N2,1.94,,quiescent_nominal,Extinction,extinction,0,1.05,0.35,7.8,
FLEX,PSI-69,10.60555/mbq8-0451,PSI-69_Experimental table_FLEX.csv,222,221,N06M202,2011-09-09T14:26:07Z,N06,1atm|O2=0.12|CO2=0.00|He=0.00,Methanol,liquid_droplet,spherical_droplet,763.7,1.0049,1atm,0.12,0.88,0.0,0.0,1.0,0.1206,N2,1.84,,quiescent_nominal,Extinction,extinction,0,1.04,0.38,6.0,
FLEX,PSI-69,10.60555/mbq8-0451,PSI-69_Experimental table_FLEX.csv,223,222,H01M102,2011-09-09T17:41:47Z,H01,1atm|O2=0.20|CO2=0.00|He=0.05,Methanol,liquid_droplet,spherical_droplet,759.2,0.9989,1atm,0.2,0.75,0.0,0.05,1.0,0.1998,He,2.91,,quiescent_nominal,Extinction,extinction,0,1.12,0.51,14.4,
FLEX,PSI-69,10.60555/mbq8-0451,PSI-69_Experimental table_FLEX.csv,224,223,H01M104,2011-09-09T18:27:14Z,H01,1atm|O2=0.20|CO2=0.00|He=0.05,Methanol,liquid_droplet,spherical_droplet,759.6,0.9995,1atm,0.2,0.75,0.0,0.05,1.0,0.1999,He,,,quiescent_nominal,Extinction,extinction,0,,,6.0,approx_burn_time;missing_d0;extinction_d_ext_unmeasured
FLEX,PSI-69,10.60555/mbq8-0451,PSI-69_Experimental table_FLEX.csv,225,224,H01H102,2011-09-13T11:55:40Z,H01,1atm|O2=0.20|CO2=0.00|He=0.05,Heptane,liquid_droplet,spherical_droplet,755.3,0.9938,1atm,0.2,0.75,0.0,0.05,1.0,0.1988,He,2.25,,quiescent_nominal,Completion,completion,1,,0.57,9.0,approx_burn_time
FLEX,PSI-69,10.60555/mbq8-0451,PSI-69_Experimental table_FLEX.csv,226,225,H02M101,2011-09-21T22:28:54Z,H02,1atm|O2=0.19|CO2=0.00|He=0.10,Methanol,liquid_droplet,spherical_droplet,753.4,0.9913,1atm,0.19,0.71,0.0,0.1,1.0,0.1883,He,2.78,,quiescent_nominal,Extinction,extinction,0,,0.57,12.5,extinction_d_ext_unmeasured
FLEX,PSI-69,10.60555/mbq8-0451,PSI-69_Experimental table_FLEX.csv,227,226,H03M101,2011-09-22T00:02:52Z,H03,1atm|O2=0.18|CO2=0.00|He=0.15,Methanol,liquid_droplet,spherical_droplet,759.2,0.9989,1atm,0.18,0.67,0.0,0.15,1.0,0.1798,He,2.79,,quiescent_nominal,Extinction,extinction,0,1.3,0.51,12.5,
FLEX,PSI-69,10.60555/mbq8-0451,PSI-69_Experimental table_FLEX.csv,228,227,H03M201,2011-09-22T00:44:55Z,H03,1atm|O2=0.18|CO2=0.00|He=0.15,Methanol,liquid_droplet,spherical_droplet,760.3,1.0004,1atm,0.18,0.67,0.0,0.15,1.0,0.1801,He,2.95,,quiescent_nominal,Extinction,extinction,0,1.67,0.53,11.7,
FLEX,PSI-69,10.60555/mbq8-0451,PSI-69_Experimental table_FLEX.csv,229,228,N01H401,2011-09-23T23:18:09Z,N01,1atm|O2=0.21|CO2=0.00|He=0.00,Heptane,liquid_droplet,spherical_droplet,767.4,1.0097,1atm,0.21,0.79,0.0,0.0,1.0,0.212,N2,3.32,,quiescent_nominal,Extinction,extinction,0,1.37,0.52,17.5,
FLEX,PSI-69,10.60555/mbq8-0451,PSI-69_Experimental table_FLEX.csv,230,229,N01H502,2011-09-24T00:06:41Z,N01,1atm|O2=0.21|CO2=0.00|He=0.00,Heptane,liquid_droplet,spherical_droplet,768.1,1.0107,1atm,0.21,0.79,0.0,0.0,1.0,0.2122,N2,2.39,,quiescent_nominal,Disruption,disruption,1,,0.57,10.6,
FLEX,PSI-69,10.60555/mbq8-0451,PSI-69_Experimental table_FLEX.csv,231,230,N01H601,2011-09-24T01:06:33Z,N01,1atm|O2=0.21|CO2=0.00|He=0.00,Heptane,liquid_droplet,spherical_droplet,769.2,1.0121,1atm,0.21,0.79,0.0,0.0,1.0,0.2125,N2,3.65,,quiescent_nominal,Extinction,extinction,0,2.85,0.57,9.6,
FLEX,PSI-69,10.60555/mbq8-0451,PSI-69_Experimental table_FLEX.csv,232,231,H02H101,2011-09-24T02:44:09Z,H02,1atm|O2=0.19|CO2=0.00|He=0.10,Heptane,liquid_droplet,spherical_droplet,758.8,0.9984,1atm,0.19,0.71,0.0,0.1,1.0,0.1897,He,2.59,,quiescent_nominal,Disruption,disruption,1,,0.54,12.0,
FLEX,PSI-69,10.60555/mbq8-0451,PSI-69_Experimental table_FLEX.csv,233,232,H03H101,2011-09-27T12:08:14Z,H03,1atm|O2=0.18|CO2=0.00|He=0.15,Heptane,liquid_droplet,spherical_droplet,763.7,1.0049,1atm,0.18,0.67,0.0,0.15,1.0,0.1809,He,3.52,,quiescent_nominal,Extinction,extinction,0,3.28,0.41,4.1,
FLEX,PSI-69,10.60555/mbq8-0451,PSI-69_Experimental table_FLEX.csv,234,233,H03H201,2011-09-27T13:00:54Z,H03,1atm|O2=0.18|CO2=0.00|He=0.15,Heptane,liquid_droplet,spherical_droplet,765.9,1.0078,1atm,0.18,0.67,0.0,0.15,1.0,0.1814,He,2.3,,quiescent_nominal,Completion,completion,1,,0.49,9.1,
FLEX,PSI-69,10.60555/mbq8-0451,PSI-69_Experimental table_FLEX.csv,235,234,H03H202,2011-09-27T13:25:07Z,H03,1atm|O2=0.18|CO2=0.00|He=0.15,Heptane,liquid_droplet,spherical_droplet,766.5,1.0086,1atm,0.18,0.67,0.0,0.15,1.0,0.1815,He,2.27,,quiescent_nominal,Completion,completion,1,,0.51,8.6,
FLEX,PSI-69,10.60555/mbq8-0451,PSI-69_Experimental table_FLEX.csv,236,235,H04H101,2011-09-27T15:00:33Z,H04,1atm|O2=0.17|CO2=0.00|He=0.20,Heptane,liquid_droplet,spherical_droplet,759.3,0.9991,1atm,0.17,0.63,0.0,0.2,1.0,0.1698,He,2.85,,quiescent_nominal,Extinction,extinction,0,2.6,0.46,3.2,
FLEX,PSI-69,10.60555/mbq8-0451,PSI-69_Experimental table_FLEX.csv,237,236,H04H201,2011-09-27T15:12:24Z,H04,1atm|O2=0.17|CO2=0.00|He=0.20,Heptane,liquid_droplet,spherical_droplet,759.3,0.9991,1atm,0.17,0.63,0.0,0.2,1.0,0.1698,He,2.12,,quiescent_nominal,Extinction,extinction,0,1.39,0.59,4.5,
FLEX,PSI-69,10.60555/mbq8-0451,PSI-69_Experimental table_FLEX.csv,238,237,H04H302,2011-09-27T16:18:19Z,H04,1atm|O2=0.17|CO2=0.00|He=0.20,Heptane,liquid_droplet,spherical_droplet,759.6,0.9995,1atm,0.17,0.63,0.0,0.2,1.0,0.1699,He,,,quiescent_nominal,Disruption,disruption,1,,,1.7,missing_d0
FLEX,PSI-69,10.60555/mbq8-0451,PSI-69_Experimental table_FLEX.csv,239,238,H04H303,2011-09-27T16:40:04Z,H04,1atm|O2=0.17|CO2=0.00|He=0.20,Heptane,liquid_droplet,spherical_droplet,759.8,0.9997,1atm,0.17,0.63,0.0,0.2,1.0,0.1699,He,1.61,,quiescent_nominal,Completion,completion,1,,0.91,2.7,
FLEX,PSI-69,10.60555/mbq8-0451,PSI-69_Experimental table_FLEX.csv,240,239,H04M101,2011-10-01T00:34:58Z,H04,1atm|O2=0.17|CO2=0.00|He=0.20,Methanol,liquid_droplet,spherical_droplet,754.2,0.9924,1atm,0.17,0.63,0.0,0.2,1.0,0.1687,He,2.99,,quiescent_nominal,Extinction,extinction,0,,0.49,9.1,extinction_d_ext_unmeasured
FLEX,PSI-69,10.60555/mbq8-0451,PSI-69_Experimental table_FLEX.csv,241,240,H04M202,2011-10-01T01:21:41Z,H04,1atm|O2=0.17|CO2=0.00|He=0.20,Methanol,liquid_droplet,spherical_droplet,757.0,0.9961,1atm,0.17,0.63,0.0,0.2,1.0,0.1693,He,2.9,,quiescent_nominal,Extinction,extinction,0,1.42,0.51,13.1,
FLEX,PSI-69,10.60555/mbq8-0451,PSI-69_Experimental table_FLEX.csv,242,241,H05M102,2011-10-01T02:58:40Z,H05,1atm|O2=0.16|CO2=0.00|He=0.25,Methanol,liquid_droplet,spherical_droplet,759.9,0.9999,1atm,0.16,0.59,0.0,0.25,1.0,0.16,He,3.4,,quiescent_nominal,Extinction,extinction,0,2.79,0.51,7.9,
FLEX,PSI-69,10.60555/mbq8-0451,PSI-69_Experimental table_FLEX.csv,243,242,H05M202,2011-10-01T04:26:52Z,H05,1atm|O2=0.16|CO2=0.00|He=0.25,Methanol,liquid_droplet,spherical_droplet,761.0,1.0013,1atm,0.16,0.59,0.0,0.25,1.0,0.1602,He,,,quiescent_nominal,Extinction,extinction,0,,,5.0,missing_d0;extinction_d_ext_unmeasured
FLEX,PSI-69,10.60555/mbq8-0451,PSI-69_Experimental table_FLEX.csv,244,243,H05H103,2011-10-05T14:58:32Z,H05,1atm|O2=0.16|CO2=0.00|He=0.25,Heptane,liquid_droplet,spherical_droplet,757.9,0.9972,1atm,0.16,0.59,0.0,0.25,1.0,0.1596,He,1.49,,quiescent_nominal,Extinction,extinction,0,0.69,0.6,2.9,
FLEX,PSI-69,10.60555/mbq8-0451,PSI-69_Experimental table_FLEX.csv,245,244,H06M102,2011-10-07T12:12:14Z,H06,1atm|O2=0.15|CO2=0.00|He=0.30,Methanol,liquid_droplet,spherical_droplet,755.6,0.9942,1atm,0.15,0.55,0.0,0.3,1.0,0.1491,He,3.67,,quiescent_nominal,Extinction,extinction,0,3.47,0.43,3.6,
FLEX,PSI-69,10.60555/mbq8-0451,PSI-69_Experimental table_FLEX.csv,246,245,H06M201,2011-10-07T13:00:56Z,H06,1atm|O2=0.15|CO2=0.00|He=0.30,Methanol,liquid_droplet,spherical_droplet,756.7,0.9957,1atm,0.15,0.55,0.0,0.3,1.0,0.1494,He,2.52,,quiescent_nominal,Extinction,extinction,0,2.06,0.56,4.0,
FLEX,PSI-69,10.60555/mbq8-0451,PSI-69_Experimental table_FLEX.csv,247,246,H07M101,2011-10-07T14:25:42Z,H07,1atm|O2=0.14|CO2=0.00|He=0.35,Methanol,liquid_droplet,spherical_droplet,759.2,0.9989,1atm,0.14,0.51,0.0,0.35,1.0,0.1398,He,2.44,,quiescent_nominal,Extinction,extinction,0,2.26,0.56,1.5,
FLEX,PSI-69,10.60555/mbq8-0451,PSI-69_Experimental table_FLEX.csv,248,247,H07M202,2011-10-07T15:06:17Z,H07,1atm|O2=0.14|CO2=0.00|He=0.35,Methanol,liquid_droplet,spherical_droplet,759.8,0.9997,1atm,0.14,0.51,0.0,0.35,1.0,0.14,He,1.88,,quiescent_nominal,Extinction,extinction,0,1.73,0.58,1.0,
FLEX,PSI-69,10.60555/mbq8-0451,PSI-69_Experimental table_FLEX.csv,249,248,H08M101,2011-10-11T12:11:56Z,H08,1atm|O2=0.13|CO2=0.00|He=0.40,Methanol,liquid_droplet,spherical_droplet,763.5,1.0046,1atm,0.13,0.47,0.0,0.4,1.0,0.1306,He,3.56,,quiescent_nominal,Extinction,extinction,0,3.54,0.51,0.3,
FLEX,PSI-69,10.60555/mbq8-0451,PSI-69_Experimental table_FLEX.csv,250,249,H10H101,2011-10-12T20:16:43Z,H10,0.7atm|O2=0.24|CO2=0.00|He=0.20,Heptane,liquid_droplet,spherical_droplet,534.0,0.7026,0.7atm,0.24,0.56,0.0,0.2,1.0,0.1686,He,3.78,,quiescent_nominal,Extinction,extinction,0,2.52,0.72,12.2,
FLEX,PSI-69,10.60555/mbq8-0451,PSI-69_Experimental table_FLEX.csv,251,250,H11H101,2011-10-12T21:58:55Z,H11,0.7atm|O2=0.23|CO2=0.00|He=0.25,Heptane,liquid_droplet,spherical_droplet,532.2,0.7003,0.7atm,0.23,0.52,0.0,0.25,1.0,0.1611,He,2.8,,quiescent_nominal,Completion,completion,1,0.12,0.71,11.4,d_ext_without_extinction
FLEX,PSI-69,10.60555/mbq8-0451,PSI-69_Experimental table_FLEX.csv,252,251,H10M101,2011-11-18T14:48:10Z,H10,0.7atm|O2=0.24|CO2=0.00|He=0.20,Methanol,liquid_droplet,spherical_droplet,534.3,0.703,0.7atm,0.24,0.56,0.0,0.2,1.0,0.1687,He,2.82,,quiescent_nominal,Extinction,extinction,0,1.03,0.62,11.2,
FLEX,PSI-69,10.60555/mbq8-0451,PSI-69_Experimental table_FLEX.csv,253,252,H10M102,2011-11-18T15:19:28Z,H10,0.7atm|O2=0.24|CO2=0.00|He=0.20,Methanol,liquid_droplet,spherical_droplet,534.6,0.7034,0.7atm,0.24,0.56,0.0,0.2,1.0,0.1688,He,2.79,,quiescent_nominal,Disruption,disruption,1,1.53,0.7,8.1,d_ext_without_extinction
FLEX,PSI-69,10.60555/mbq8-0451,PSI-69_Experimental table_FLEX.csv,254,253,H11M101,2011-11-18T16:59:20Z,H11,0.7atm|O2=0.23|CO2=0.00|He=0.25,Methanol,liquid_droplet,spherical_droplet,531.7,0.6996,0.7atm,0.23,0.52,0.0,0.25,1.0,0.1609,He,2.45,,quiescent_nominal,Extinction,extinction,0,0.86,0.6,8.3,
FLEX,PSI-69,10.60555/mbq8-0451,PSI-69_Experimental table_FLEX.csv,255,254,H11M102,2011-11-18T17:51:23Z,H11,0.7atm|O2=0.23|CO2=0.00|He=0.25,Methanol,liquid_droplet,spherical_droplet,531.8,0.6997,0.7atm,0.23,0.52,0.0,0.25,1.0,0.1609,He,2.61,,quiescent_nominal,Disruption,disruption,1,,0.73,6.3,
FLEX,PSI-69,10.60555/mbq8-0451,PSI-69_Experimental table_FLEX.csv,256,255,H12M101,2011-11-18T18:53:50Z,H12,0.7atm|O2=0.21|CO2=0.00|He=0.30,Methanol,liquid_droplet,spherical_droplet,531.9,0.6999,0.7atm,0.21,0.49,0.0,0.3,1.0,0.147,He,3.22,,quiescent_nominal,Extinction,extinction,0,,0.56,10.4,extinction_d_ext_unmeasured
FLEX,PSI-69,10.60555/mbq8-0451,PSI-69_Experimental table_FLEX.csv,257,256,H12M102,2011-11-18T21:29:35Z,H12,0.7atm|O2=0.21|CO2=0.00|He=0.30,Methanol,liquid_droplet,spherical_droplet,531.2,0.6989,0.7atm,0.21,0.49,0.0,0.3,1.0,0.1468,He,3.25,,quiescent_nominal,Extinction,extinction,0,1.78,0.65,12.1,
FLEX,PSI-69,10.60555/mbq8-0451,PSI-69_Experimental table_FLEX.csv,258,257,H12M201,2011-11-18T21:53:16Z,H12,0.7atm|O2=0.21|CO2=0.00|He=0.30,Methanol,liquid_droplet,spherical_droplet,531.2,0.6989,0.7atm,0.21,0.49,0.0,0.3,1.0,0.1468,He,2.67,,quiescent_nominal,Extinction,extinction,0,1.42,0.7,7.6,
FLEX,PSI-69,10.60555/mbq8-0451,PSI-69_Experimental table_FLEX.csv,259,258,H12H101,2011-11-22T13:04:17Z,H12,0.7atm|O2=0.21|CO2=0.00|He=0.30,Heptane,liquid_droplet,spherical_droplet,529.6,0.6968,0.7atm,0.21,0.49,0.0,0.3,1.0,0.1463,He,3.23,,quiescent_nominal,Extinction,extinction,0,2.33,0.67,7.5,
FLEX,PSI-69,10.60555/mbq8-0451,PSI-69_Experimental table_FLEX.csv,260,259,H12H201,2011-11-22T15:49:36Z,H12,0.7atm|O2=0.21|CO2=0.00|He=0.30,Heptane,liquid_droplet,spherical_droplet,529.0,0.6961,0.7atm,0.21,0.49,0.0,0.3,1.0,0.1462,He,2.86,,quiescent_nominal,Extinction,extinction,0,0.71,0.7,11.0,
FLEX,PSI-69,10.60555/mbq8-0451,PSI-69_Experimental table_FLEX.csv,261,260,H13H101,2011-11-22T20:40:42Z,H13,0.7atm|O2=0.20|CO2=0.00|He=0.35,Heptane,liquid_droplet,spherical_droplet,532.5,0.7007,0.7atm,0.2,0.45,0.0,0.35,1.0,0.1401,He,3.69,,quiescent_nominal,Extinction,extinction,0,3.32,0.61,4.3,
FLEX,PSI-69,10.60555/mbq8-0451,PSI-69_Experimental table_FLEX.csv,262,261,H13H201,2011-11-22T20:58:21Z,H13,0.7atm|O2=0.20|CO2=0.00|He=0.35,Heptane,liquid_droplet,spherical_droplet,532.0,0.7,0.7atm,0.2,0.45,0.0,0.35,1.0,0.14,He,3.08,,quiescent_nominal,Extinction,extinction,0,1.69,0.67,5.4,
FLEX,PSI-69,10.60555/mbq8-0451,PSI-69_Experimental table_FLEX.csv,263,262,H13M102,2011-11-28T13:13:31Z,H13,0.7atm|O2=0.20|CO2=0.00|He=0.35,Methanol,liquid_droplet,spherical_droplet,527.6,0.6942,0.7atm,0.2,0.45,0.0,0.35,1.0,0.1388,He,3.87,,quiescent_nominal,Extinction,extinction,0,2.24,0.6,17.4,
FLEX,PSI-69,10.60555/mbq8-0451,PSI-69_Experimental table_FLEX.csv,264,263,H13M201,2011-11-28T13:24:55Z,H13,0.7atm|O2=0.20|CO2=0.00|He=0.35,Methanol,liquid_droplet,spherical_droplet,527.9,0.6946,0.7atm,0.2,0.45,0.0,0.35,1.0,0.1389,He,2.95,,quiescent_nominal,Extinction,extinction,0,1.5,0.63,10.6,
FLEX,PSI-69,10.60555/mbq8-0451,PSI-69_Experimental table_FLEX.csv,265,264,H14M101,2011-11-28T15:07:28Z,H14,0.7atm|O2=0.18|CO2=0.00|He=0.40,Methanol,liquid_droplet,spherical_droplet,532.4,0.7005,0.7atm,0.18,0.42,0.0,0.4,1.0,0.1261,He,3.5,,quiescent_nominal,Extinction,extinction,0,2.67,0.59,7.8,
FLEX,PSI-69,10.60555/mbq8-0451,PSI-69_Experimental table_FLEX.csv,266,265,H14M201,2011-11-28T15:35:38Z,H14,0.7atm|O2=0.18|CO2=0.00|He=0.40,Methanol,liquid_droplet,spherical_droplet,532.9,0.7012,0.7atm,0.18,0.42,0.0,0.4,1.0,0.1262,He,2.7,,quiescent_nominal,Extinction,extinction,0,1.92,0.63,5.9,
FLEX,PSI-69,10.60555/mbq8-0451,PSI-69_Experimental table_FLEX.csv,267,266,H14M202,2011-11-28T15:54:09Z,H14,0.7atm|O2=0.18|CO2=0.00|He=0.40,Methanol,liquid_droplet,spherical_droplet,533.2,0.7016,0.7atm,0.18,0.42,0.0,0.4,1.0,0.1263,He,1.84,,quiescent_nominal,Extinction,extinction,0,1.3,0.62,2.3,
FLEX,PSI-69,10.60555/mbq8-0451,PSI-69_Experimental table_FLEX.csv,268,267,H14H101,2011-11-30T08:39:18Z,H14,0.7atm|O2=0.18|CO2=0.00|He=0.40,Heptane,liquid_droplet,spherical_droplet,528.0,0.6947,0.7atm,0.18,0.42,0.0,0.4,1.0,0.125,He,2.27,,quiescent_nominal,Extinction,extinction,0,1.64,0.71,3.5,
FLEX,PSI-69,10.60555/mbq8-0451,PSI-69_Experimental table_FLEX.csv,269,268,H14H201,2011-11-30T09:49:07Z,H14,0.7atm|O2=0.18|CO2=0.00|He=0.40,Heptane,liquid_droplet,spherical_droplet,530.3,0.6978,0.7atm,0.18,0.42,0.0,0.4,1.0,0.1256,He,1.86,,quiescent_nominal,Extinction,extinction,0,0.84,0.77,3.5,
FLEX,PSI-69,10.60555/mbq8-0451,PSI-69_Experimental table_FLEX.csv,270,269,H15H101,2011-11-30T11:30:51Z,H15,0.7atm|O2=0.17|CO2=0.00|He=0.45,Heptane,liquid_droplet,spherical_droplet,532.2,0.7003,0.7atm,0.17,0.38,0.0,0.45,1.0,0.1191,He,2.22,,quiescent_nominal,Extinction,extinction,0,1.86,0.76,1.9,
FLEX,PSI-69,10.60555/mbq8-0451,PSI-69_Experimental table_FLEX.csv,271,270,H15H201,2011-11-30T12:09:00Z,H15,0.7atm|O2=0.17|CO2=0.00|He=0.45,Heptane,liquid_droplet,spherical_droplet,532.5,0.7007,0.7atm,0.17,0.38,0.0,0.45,1.0,0.1191,He,1.61,,quiescent_nominal,Completion,completion,1,0.91,1.06,1.4,d_ext_without_extinction
FLEX,PSI-69,10.60555/mbq8-0451,PSI-69_Experimental table_FLEX.csv,272,271,H15M102,2011-12-05T22:54:10Z,H15,0.7atm|O2=0.17|CO2=0.00|He=0.45,Methanol,liquid_droplet,spherical_droplet,530.4,0.6979,0.7atm,0.17,0.38,0.0,0.45,1.0,0.1186,He,2.79,,quiescent_nominal,Extinction,extinction,0,2.3,0.63,4.0,
FLEX,PSI-69,10.60555/mbq8-0451,PSI-69_Experimental table_FLEX.csv,273,272,H15M201,2011-12-05T23:39:04Z,H15,0.7atm|O2=0.17|CO2=0.00|He=0.45,Methanol,liquid_droplet,spherical_droplet,531.5,0.6993,0.7atm,0.17,0.38,0.0,0.45,1.0,0.1189,He,2.68,,quiescent_nominal,Extinction,extinction,0,2.31,0.66,2.9,
FLEX,PSI-69,10.60555/mbq8-0451,PSI-69_Experimental table_FLEX.csv,274,273,H19H101,2011-12-08T22:29:44Z,H19,1atm|O2=0.21|CO2=0.00|He=0.15,Heptane,liquid_droplet,spherical_droplet,764.7,1.0062,1atm,0.21,0.64,0.0,0.15,1.0,0.2113,He,3.54,,quiescent_nominal,Extinction,extinction,0,2.91,0.55,7.6,
FLEX,PSI-69,10.60555/mbq8-0451,PSI-69_Experimental table_FLEX.csv,275,274,H19H201,2011-12-08T23:41:45Z,H19,1atm|O2=0.21|CO2=0.00|He=0.15,Heptane,liquid_droplet,spherical_droplet,766.2,1.0082,1atm,0.21,0.64,0.0,0.15,1.0,0.2117,He,2.82,,quiescent_nominal,Extinction,extinction,0,0.73,0.65,11.7,
