variant,metric,mean_delta_vs_full,sd,variant_better_folds,folds
no fuel x d0 interaction,roc_auc,-0.03302734776729699,0.028029904384961234,3,25
+ p_o2_atm,roc_auc,0.0014212336203310904,0.0034046366914874024,12,25
- pressure,roc_auc,0.0036531598227867914,0.0127494814149214,11,25
- droplet size (and interaction),roc_auc,-0.06636088141105213,0.03924713098852286,1,25
"- suppressant (CO2, He)",roc_auc,0.00197994616035734,0.02406657029466381,14,25
- fuel (and interaction),roc_auc,-0.038398847503342305,0.029726523807978283,2,25
O2 + fuel only,roc_auc,-0.060837078840068844,0.029852315891891204,1,25
no fuel x d0 interaction,log_loss,0.062166571107234975,0.05009344206071225,2,25
+ p_o2_atm,log_loss,0.008042154515017483,0.02210260443147674,13,25
- pressure,log_loss,-0.010000856404608096,0.02488106863302409,12,25
- droplet size (and interaction),log_loss,0.0987005925899089,0.055093933423012345,0,25
"- suppressant (CO2, He)",log_loss,0.005745228393918477,0.03651998341076246,9,25
- fuel (and interaction),log_loss,0.08061805048601178,0.050953234538128916,1,25
O2 + fuel only,log_loss,0.0903135568488956,0.05131271461234293,0,25
