variant,model,tests,sustained,roc_auc_mean,roc_auc_sd,pr_auc_mean,pr_auc_sd,brier_mean,brier_sd,log_loss_mean,log_loss_sd,recall@safe_mean,recall@safe_sd,precision@safe_mean,precision@safe_sd
primary,logreg,252,80,0.9215837733474698,0.05043504858084966,0.8678336684103958,0.08739322384237794,0.10860759557605551,0.033950311715397356,0.3456663256498368,0.11234012399814422,0.8975604395604395,0.10827025368726872,0.6371312373886784,0.13002575030145608
primary,xgboost,252,80,0.8862013260535817,0.059268843207136934,0.8018048083050351,0.11711000085168896,0.13598229140043258,0.04067046124407433,0.41847015619277955,0.11445383555156483,0.8750183150183151,0.09464348122778063,0.5783790704053728,0.11869011303464001
primary,o2_only_logreg,252,80,0.821020180045632,0.05487799126914943,0.6987144663971905,0.10556975746284925,0.151675394536209,0.03894653858320345,0.4685383292233991,0.10175395443261231,0.8955853479853481,0.12145403902750448,0.4553427140139155,0.09226290093638882
exclude_disruption,logreg,199,27,0.9040362798913083,0.07631592807500576,0.7271944776632633,0.1659507520609981,0.07549424681629473,0.024406029117665415,0.2545789473487012,0.08088976612788787,0.8687619047619047,0.1853072462431086,0.2866387744798837,0.10243540567236459
exclude_disruption,xgboost,199,27,0.841182726944451,0.09465405586436164,0.5997000810515712,0.15399227710954602,0.09076729476451874,0.02538523094303264,0.3109846824407578,0.08310654614743948,0.8782857142857142,0.1979108574156385,0.22676421269373093,0.06470579202181359
exclude_disruption,o2_only_logreg,199,27,0.6682312089043453,0.12756728790003685,0.31869440548126265,0.14836023881990557,0.10784458926111817,0.011480915546895955,0.367829751345016,0.03694806231773573,0.8605714285714287,0.20359356604778656,0.155524013821611,0.03209026537735864
impute_d0,logreg,264,86,0.9229167643915323,0.042256523150422505,0.8751791086323126,0.07374568233957313,0.10831052014571747,0.03324881699922235,0.34648256012731177,0.10811600098857559,0.8945685795685795,0.07765347361658358,0.6173740721256414,0.10836143296805788
impute_d0,xgboost,264,86,0.8813665373618439,0.046022777742178625,0.8035189334691154,0.09051223637820091,0.13712369590997697,0.04246395643790161,0.42695675015449525,0.11779781919838114,0.8963557183557184,0.09668003000080523,0.5733707743920442,0.09594081995568872
impute_d0,o2_only_logreg,264,86,0.8199818121553012,0.05809485132462091,0.7087209448786096,0.10197900583517931,0.14870433045224202,0.035387891359367735,0.4591596175128905,0.08513762530453806,0.8810128205128206,0.09937425655305779,0.47042044426928487,0.09955960117640304
exclude_anomalies,logreg,250,80,0.916789456753451,0.05375528309316299,0.8574955146068534,0.08909356657820978,0.10776053313206072,0.0369032260873694,0.3457993010468655,0.11051580889642294,0.8657369963369963,0.13046183354678453,0.6361972926109332,0.11530584374893037
exclude_anomalies,xgboost,250,80,0.8857628327007171,0.060401666484937125,0.8029973462175957,0.1056061982951442,0.13180314481258393,0.037947072370087154,0.40711013197898865,0.1121687857144209,0.8786600732600732,0.10597378320599947,0.5733447924381085,0.11489940614910805
exclude_anomalies,o2_only_logreg,250,80,0.8106938153165619,0.08810330671900082,0.6828318868990911,0.1465504526790573,0.15047325022463742,0.03994851691969885,0.4667094678527959,0.1037318600141062,0.8892197802197803,0.10960427671565198,0.44576219199917594,0.07743360643329998
