split,model,train_tests,test_tests,test_sustained,roc_auc,pr_auc,brier,log_loss,threshold,recall@safe,precision@safe,false_negative_rate@safe,mean_predicted,observed_rate
leave_out_CO2,o2_only_logreg,141,111,31,0.8393145161290322,0.6663147551452138,0.151781771776024,0.4729027169480912,0.16178251036042832,1.0,0.31958762886597936,0.0,0.33515933620141064,0.27927927927927926
leave_out_CO2,logreg,141,111,31,0.8790322580645161,0.7946318724480682,0.1464206882178566,0.4411528143254132,0.12454080031502467,0.967741935483871,0.35714285714285715,0.03225806451612903,0.42479179819998325,0.27927927927927926
leave_out_CO2,random_forest,141,111,31,0.85,0.7113829402520777,0.16257202785699698,0.49303299253203986,0.1583898507445723,0.967741935483871,0.32967032967032966,0.03225806451612903,0.42155745074453993,0.27927927927927926
leave_out_CO2,xgboost,141,111,31,0.8445564516129032,0.6985672673186654,0.18469487130641937,0.5940520763397217,0.08392710983753204,0.9354838709677419,0.3717948717948718,0.06451612903225806,0.44468966126441956,0.27927927927927926
leave_out_He,o2_only_logreg,205,47,9,0.6228070175438597,0.29817419893820574,0.15626592328189476,0.48377902832434994,0.24505562227030347,0.4444444444444444,0.21052631578947367,0.5555555555555556,0.24131739358470988,0.19148936170212766
leave_out_He,logreg,205,47,9,0.868421052631579,0.5998877665544332,0.16705322157235408,0.49191989023519367,0.18247829454767242,1.0,0.3,0.0,0.40619786026015575,0.19148936170212766
leave_out_He,random_forest,205,47,9,0.7894736842105263,0.4702931872049519,0.15700249701274815,0.4661828992263243,0.260545224775225,0.8888888888888888,0.27586206896551724,0.1111111111111111,0.3351845112855517,0.19148936170212766
leave_out_He,xgboost,205,47,9,0.7573099415204678,0.42403673324725955,0.1961011290550232,0.5572821497917175,0.21127274632453918,0.8888888888888888,0.32,0.1111111111111111,0.3406766951084137,0.19148936170212766
train_1atm_test_0.7atm,o2_only_logreg,151,101,38,0.8905597326649959,0.8480346070079603,0.14118684760766104,0.43955443561091506,0.21512135002309324,0.9736842105263158,0.43023255813953487,0.02631578947368421,0.48181618010715677,0.37623762376237624
train_1atm_test_0.7atm,logreg,151,101,38,0.9047619047619048,0.8808059081593708,0.29589111961883835,1.3119510215249743,0.12141616748188645,0.34210526315789475,1.0,0.6578947368421053,0.051596590200260174,0.37623762376237624
train_1atm_test_0.7atm,random_forest,151,101,38,0.7844611528822055,0.7015624660608422,0.18230668384749785,0.5272008300293646,0.24924198252727658,0.9473684210526315,0.5454545454545454,0.05263157894736842,0.3172158820188123,0.37623762376237624
train_1atm_test_0.7atm,xgboost,151,101,38,0.827485380116959,0.7588080091022783,0.16552364826202393,0.48186731338500977,0.1848740130662918,0.9736842105263158,0.5285714285714286,0.02631578947368421,0.39809930324554443,0.37623762376237624
train_0.7atm_test_1atm,o2_only_logreg,101,151,42,0.7947793796417649,0.5622816153832465,0.17702524735472633,0.5563423664894785,0.19619630730226012,0.6190476190476191,0.5531914893617021,0.38095238095238093,0.1600844103653802,0.2781456953642384
train_0.7atm_test_1atm,logreg,101,151,42,0.9248580166011359,0.8120686362728656,0.7218543045663145,9.972786045132402,0.2712276420070823,1.0,0.2781456953642384,0.0,0.9999999999650108,0.2781456953642384
train_0.7atm_test_1atm,random_forest,101,151,42,0.731214504150284,0.5490305816734788,0.22330352144409527,0.6416577041188654,0.24556815406815413,1.0,0.2781456953642384,0.0,0.49225605428573654,0.2781456953642384
train_0.7atm_test_1atm,xgboost,101,151,42,0.8282000873743992,0.6563614784388822,0.198286235332489,0.5917859673500061,0.16799406707286835,1.0,0.3,0.0,0.5071017146110535,0.2781456953642384
