model,split,repeat,fold,n_test,n_sustained,best_params,roc_auc,pr_auc,brier,log_loss,accuracy@0.5,precision@0.5,recall@0.5,f1@0.5,false_negative_rate@0.5,false_positive_rate@0.5,tn@0.5,fp@0.5,fn@0.5,tp@0.5,threshold,accuracy@safe,precision@safe,recall@safe,f1@safe,false_negative_rate@safe,false_positive_rate@safe,tn@safe,fp@safe,fn@safe,tp@safe
logreg_tuned,r0f0,0,0,47,13,"{""model__C"": 0.3}",0.9502262443438915,0.9279542920847266,0.08244325857507824,0.27534661902420543,0.851063829787234,0.6875,0.8461538461538461,0.7586206896551724,0.15384615384615385,0.14705882352941177,29,5,2,11,0.21246907469321086,0.7446808510638298,0.52,1.0,0.6842105263157895,0.0,0.35294117647058826,22,12,0,13
logreg_tuned,r0f1,0,1,45,15,"{""model__C"": 0.3}",0.9733333333333334,0.9519959778783307,0.1207135414832919,0.3518385854027428,0.7555555555555555,1.0,0.26666666666666666,0.42105263157894735,0.7333333333333333,0.0,30,0,11,4,0.16867001282195382,0.8888888888888888,0.7777777777777778,0.9333333333333333,0.8484848484848485,0.06666666666666667,0.13333333333333333,26,4,1,14
logreg_tuned,r0f2,0,2,47,13,"{""model__C"": 3.0}",0.8710407239819005,0.7122565832859951,0.13964948667637586,0.533757583722153,0.7872340425531915,0.6153846153846154,0.6153846153846154,0.6153846153846154,0.38461538461538464,0.14705882352941177,29,5,5,8,0.1427446708057636,0.7446808510638298,0.5217391304347826,0.9230769230769231,0.6666666666666666,0.07692307692307693,0.3235294117647059,23,11,1,12
logreg_tuned,r0f3,0,3,69,25,"{""model__C"": 0.3}",0.8736363636363637,0.8495160001711306,0.12566347101027373,0.3878707096653456,0.8260869565217391,0.8823529411764706,0.6,0.7142857142857143,0.4,0.045454545454545456,42,2,10,15,0.29173931267362213,0.8405797101449275,0.8181818181818182,0.72,0.7659574468085106,0.28,0.09090909090909091,40,4,7,18
logreg_tuned,r0f4,0,4,44,14,"{""model__C"": 1.0}",0.8857142857142857,0.833798185941043,0.12099954290972588,0.38547557145694694,0.8409090909090909,0.8888888888888888,0.5714285714285714,0.6956521739130435,0.42857142857142855,0.03333333333333333,29,1,6,8,0.17605036531317222,0.8181818181818182,0.6875,0.7857142857142857,0.7333333333333333,0.21428571428571427,0.16666666666666666,25,5,3,11
logreg_tuned,r1f0,1,0,45,13,"{""model__C"": 1.0}",0.9663461538461539,0.9366005511516344,0.07410456785408519,0.22956876703506937,0.8666666666666667,0.7692307692307693,0.7692307692307693,0.7692307692307693,0.23076923076923078,0.09375,29,3,3,10,0.18160151136301034,0.8444444444444444,0.6875,0.8461538461538461,0.7586206896551724,0.15384615384615385,0.15625,27,5,2,11
logreg_tuned,r1f1,1,1,67,26,"{""model__C"": 0.3}",0.924015009380863,0.9091863359589295,0.149203714219963,0.43621058339572183,0.7611940298507462,1.0,0.38461538461538464,0.5555555555555556,0.6153846153846154,0.0,41,0,16,10,0.24569178354585694,0.8656716417910447,0.8695652173913043,0.7692307692307693,0.8163265306122449,0.23076923076923078,0.07317073170731707,38,3,6,20
logreg_tuned,r1f2,1,2,48,15,"{""model__C"": 0.3}",0.8888888888888888,0.8272853962825912,0.13139757942015864,0.40502950243927005,0.8541666666666666,0.8333333333333334,0.6666666666666666,0.7407407407407407,0.3333333333333333,0.06060606060606061,31,2,5,10,0.1951023267023663,0.7291666666666666,0.5416666666666666,0.8666666666666667,0.6666666666666666,0.13333333333333333,0.3333333333333333,22,11,2,13
logreg_tuned,r1f3,1,3,47,13,"{""model__C"": 0.3}",0.9909502262443439,0.9774161735700195,0.04654939966937612,0.1773943802860623,0.9148936170212766,0.9090909090909091,0.7692307692307693,0.8333333333333334,0.23076923076923078,0.029411764705882353,33,1,3,10,0.1744035895101286,0.8723404255319149,0.6842105263157895,1.0,0.8125,0.0,0.17647058823529413,28,6,0,13
logreg_tuned,r1f4,1,4,45,13,"{""model__C"": 3.0}",0.8846153846153846,0.7578310578310579,0.1400483492967561,0.560331964103984,0.8222222222222222,0.6470588235294118,0.8461538461538461,0.7333333333333333,0.15384615384615385,0.1875,26,6,2,11,0.1870204958752711,0.5333333333333333,0.375,0.9230769230769231,0.5333333333333333,0.07692307692307693,0.625,12,20,1,12
logreg_tuned,r2f0,2,0,46,14,"{""model__C"": 1.0}",0.9575892857142857,0.9273809523809522,0.0700256752175372,0.2287789648891683,0.8913043478260869,0.9090909090909091,0.7142857142857143,0.8,0.2857142857142857,0.03125,31,1,4,10,0.16830766759360344,0.8478260869565217,0.7333333333333333,0.7857142857142857,0.7586206896551724,0.21428571428571427,0.125,28,4,3,11
logreg_tuned,r2f1,2,1,47,13,"{""model__C"": 0.3}",0.9864253393665159,0.958945755099601,0.0903275277422681,0.28940993717722274,0.851063829787234,1.0,0.46153846153846156,0.631578947368421,0.5384615384615384,0.0,34,0,7,6,0.2097951277997058,0.9361702127659575,0.8125,1.0,0.896551724137931,0.0,0.08823529411764706,31,3,0,13
logreg_tuned,r2f2,2,2,67,24,"{""model__C"": 3.0}",0.8439922480620154,0.7509184958402264,0.14206019553294733,0.5383223312692832,0.835820895522388,0.8095238095238095,0.7083333333333334,0.7555555555555555,0.2916666666666667,0.09302325581395349,39,4,7,17,0.2708568504040638,0.7014925373134329,0.5526315789473685,0.875,0.6774193548387096,0.125,0.3953488372093023,26,17,3,21
logreg_tuned,r2f3,2,3,45,14,"{""model__C"": 0.3}",0.9516129032258065,0.9308132343846629,0.07863324969633255,0.24309746855105402,0.8888888888888888,0.8,0.8571428571428571,0.8275862068965517,0.14285714285714285,0.0967741935483871,28,3,2,12,0.1894909669386435,0.7555555555555555,0.5652173913043478,0.9285714285714286,0.7027027027027027,0.07142857142857142,0.3225806451612903,21,10,1,13
logreg_tuned,r2f4,2,4,47,15,"{""model__C"": 0.3}",0.89375,0.8046544196544195,0.14350882009853727,0.4145429841719201,0.7446808510638298,0.8,0.26666666666666666,0.4,0.7333333333333333,0.03125,31,1,11,4,0.20306395836130675,0.7446808510638298,0.56,0.9333333333333333,0.7,0.06666666666666667,0.34375,21,11,1,14
logreg_tuned,r3f0,3,0,67,24,"{""model__C"": 0.3}",0.929263565891473,0.9000654791831261,0.10591112350990393,0.33381199343721835,0.835820895522388,0.9333333333333333,0.5833333333333334,0.717948717948718,0.4166666666666667,0.023255813953488372,42,1,10,14,0.22216808954939576,0.8208955223880597,0.7142857142857143,0.8333333333333334,0.7692307692307693,0.16666666666666666,0.18604651162790697,35,8,4,20
logreg_tuned,r3f1,3,1,45,14,"{""model__C"": 0.3}",0.9493087557603686,0.8878959159421342,0.10543188317357378,0.31232562996007923,0.8,1.0,0.35714285714285715,0.5263157894736842,0.6428571428571429,0.0,31,0,9,5,0.17928276926469877,0.8444444444444444,0.6666666666666666,1.0,0.8,0.0,0.22580645161290322,24,7,0,14
logreg_tuned,r3f2,3,2,46,14,"{""model__C"": 1.0}",0.8348214285714286,0.7468655657734854,0.14296081107967967,0.4386578135710093,0.782608695652174,0.6666666666666666,0.5714285714285714,0.6153846153846154,0.42857142857142855,0.125,28,4,6,8,0.26176831856279914,0.7608695652173914,0.5789473684210527,0.7857142857142857,0.6666666666666666,0.21428571428571427,0.25,24,8,3,11
logreg_tuned,r3f3,3,3,45,14,"{""model__C"": 0.3}",0.9493087557603686,0.913157894736842,0.08026923288709514,0.26436549023532274,0.8888888888888888,0.9090909090909091,0.7142857142857143,0.8,0.2857142857142857,0.03225806451612903,30,1,4,10,0.229568798872257,0.7555555555555555,0.56,1.0,0.717948717948718,0.0,0.3548387096774194,20,11,0,14
logreg_tuned,r3f4,3,4,49,14,"{""model__C"": 3.0}",0.873469387755102,0.7488661963951968,0.1345250742219578,0.5531380421706362,0.8571428571428571,0.7333333333333333,0.7857142857142857,0.7586206896551724,0.21428571428571427,0.11428571428571428,31,4,3,11,0.2322187076315507,0.7142857142857143,0.5,0.7857142857142857,0.6111111111111112,0.21428571428571427,0.3142857142857143,24,11,3,11
logreg_tuned,r4f0,4,0,47,15,"{""model__C"": 0.3}",0.93125,0.9141076159308978,0.08153436866138747,0.288490131278328,0.9361702127659575,1.0,0.8,0.8888888888888888,0.2,0.0,32,0,3,12,0.2032517087087435,0.6808510638297872,0.5,0.9333333333333333,0.6511627906976745,0.06666666666666667,0.4375,18,14,1,14
logreg_tuned,r4f1,4,1,47,14,"{""model__C"": 0.3}",0.9891774891774893,0.9745225013082155,0.09260210879211837,0.2710252234321773,0.7872340425531915,1.0,0.2857142857142857,0.4444444444444444,0.7142857142857143,0.0,33,0,10,4,0.19885552136764711,0.9148936170212766,0.7777777777777778,1.0,0.875,0.0,0.12121212121212122,29,4,0,14
logreg_tuned,r4f2,4,2,68,25,"{""model__C"": 1.0}",0.8520930232558139,0.7881771339744933,0.16639501405085003,0.4914281312941399,0.75,0.7857142857142857,0.44,0.5641025641025641,0.56,0.06976744186046512,40,3,14,11,0.23876275095557278,0.7794117647058824,0.7083333333333334,0.68,0.6938775510204082,0.32,0.16279069767441862,36,7,8,17
logreg_tuned,r4f3,4,3,45,13,"{""model__C"": 1.0}",0.9783653846153846,0.954681517577445,0.056519641502466016,0.1884244412673154,0.9111111111111111,0.9090909090909091,0.7692307692307693,0.8333333333333334,0.23076923076923078,0.03125,31,1,3,10,0.2246480166195678,0.9111111111111111,0.8461538461538461,0.8461538461538461,0.8461538461538461,0.15384615384615385,0.0625,30,2,2,11
logreg_tuned,r4f4,4,4,45,13,"{""model__C"": 3.0}",0.8918269230769231,0.7554256455176187,0.17377306784080315,0.6321880541600922,0.7333333333333333,0.5217391304347826,0.9230769230769231,0.6666666666666666,0.07692307692307693,0.34375,21,11,1,12,0.16239297166656616,0.6666666666666666,0.4642857142857143,1.0,0.6341463414634146,0.0,0.46875,17,15,0,13
random_forest_tuned,r0f0,0,0,47,13,"{""model__max_features"": ""sqrt"", ""model__min_samples_leaf"": 1, ""model__n_estimators"": 300}",0.9411764705882353,0.8958320881397803,0.09718557919621748,0.31481769998111153,0.8723404255319149,0.7333333333333333,0.8461538461538461,0.7857142857142857,0.15384615384615385,0.11764705882352941,30,4,2,11,0.14,0.6170212765957447,0.41935483870967744,1.0,0.5909090909090909,0.0,0.5294117647058824,16,18,0,13
random_forest_tuned,r0f1,0,1,45,15,"{""model__max_features"": 0.5, ""model__min_samples_leaf"": 1, ""model__n_estimators"": 300}",0.8922222222222222,0.8208612368970425,0.1779627160493827,0.5310038211275657,0.7333333333333333,1.0,0.2,0.3333333333333333,0.8,0.0,30,0,12,3,0.19333333333333333,0.8,0.75,0.6,0.6666666666666666,0.4,0.1,27,3,6,9
random_forest_tuned,r0f2,0,2,47,13,"{""model__max_features"": ""sqrt"", ""model__min_samples_leaf"": 3, ""model__n_estimators"": 300}",0.8484162895927602,0.6934340418036069,0.13454068861738575,0.399711899809763,0.7659574468085106,0.5714285714285714,0.6153846153846154,0.5925925925925926,0.38461538461538464,0.17647058823529413,28,6,5,8,0.20061866296145928,0.723404255319149,0.5,1.0,0.6666666666666666,0.0,0.38235294117647056,21,13,0,13
random_forest_tuned,r0f3,0,3,69,25,"{""model__max_features"": ""sqrt"", ""model__min_samples_leaf"": 3, ""model__n_estimators"": 300}",0.8181818181818182,0.7733616396900993,0.16099401761653873,0.4810889710452109,0.7536231884057971,0.8333333333333334,0.4,0.5405405405405406,0.6,0.045454545454545456,42,2,15,10,0.17372271102927503,0.5652173913043478,0.45454545454545453,1.0,0.625,0.0,0.6818181818181818,14,30,0,25
random_forest_tuned,r0f4,0,4,44,14,"{""model__max_features"": ""sqrt"", ""model__min_samples_leaf"": 5, ""model__n_estimators"": 300}",0.8333333333333334,0.8208907909512748,0.13628088527224985,0.4415977457608355,0.8409090909090909,0.8888888888888888,0.5714285714285714,0.6956521739130435,0.42857142857142855,0.03333333333333333,29,1,6,8,0.20743772834958474,0.75,0.5789473684210527,0.7857142857142857,0.6666666666666666,0.21428571428571427,0.26666666666666666,22,8,3,11
random_forest_tuned,r1f0,1,0,45,13,"{""model__max_features"": 0.5, ""model__min_samples_leaf"": 1, ""model__n_estimators"": 300}",0.9074519230769231,0.8694905094905094,0.08902765432098765,0.2960599242546393,0.9111111111111111,0.9090909090909091,0.7692307692307693,0.8333333333333334,0.23076923076923078,0.03125,31,1,3,10,0.21666666666666667,0.7555555555555555,0.5555555555555556,0.7692307692307693,0.6451612903225806,0.23076923076923078,0.25,24,8,3,10
random_forest_tuned,r1f1,1,1,67,26,"{""model__max_features"": 0.5, ""model__min_samples_leaf"": 3, ""model__n_estimators"": 300}",0.8452157598499062,0.7966051433274537,0.18443990798335322,0.5255075287569159,0.7313432835820896,1.0,0.3076923076923077,0.47058823529411764,0.6923076923076923,0.0,41,0,18,8,0.14667328042328046,0.7313432835820896,0.5909090909090909,1.0,0.7428571428571429,0.0,0.43902439024390244,23,18,0,26
random_forest_tuned,r1f2,1,2,48,15,"{""model__max_features"": ""sqrt"", ""model__min_samples_leaf"": 1, ""model__n_estimators"": 300}",0.8252525252525252,0.7233086403208354,0.1468324074074074,0.4612854623906524,0.8125,0.7142857142857143,0.6666666666666666,0.6896551724137931,0.3333333333333333,0.12121212121212122,29,4,5,10,0.17666666666666667,0.7083333333333334,0.5217391304347826,0.8,0.631578947368421,0.2,0.3333333333333333,22,11,3,12
random_forest_tuned,r1f3,1,3,47,13,"{""model__max_features"": ""sqrt"", ""model__min_samples_leaf"": 3, ""model__n_estimators"": 300}",0.9411764705882354,0.8830848189147782,0.09450454877285772,0.30649578327721083,0.851063829787234,0.7142857142857143,0.7692307692307693,0.7407407407407407,0.23076923076923078,0.11764705882352941,30,4,3,10,0.22876441917564544,0.7446808510638298,0.52,1.0,0.6842105263157895,0.0,0.35294117647058826,22,12,0,13
random_forest_tuned,r1f4,1,4,45,13,"{""model__max_features"": ""sqrt"", ""model__min_samples_leaf"": 3, ""model__n_estimators"": 300}",0.8798076923076923,0.7484785231108759,0.15236847610331924,0.4639922951470917,0.8222222222222222,0.6470588235294118,0.8461538461538461,0.7333333333333333,0.15384615384615385,0.1875,26,6,2,11,0.266074019769128,0.5777777777777777,0.40625,1.0,0.5777777777777777,0.0,0.59375,13,19,0,13
random_forest_tuned,r2f0,2,0,46,14,"{""model__max_features"": ""sqrt"", ""model__min_samples_leaf"": 3, ""model__n_estimators"": 300}",0.9129464285714286,0.8872023809523808,0.09095338158428644,0.3182856361312591,0.9130434782608695,1.0,0.7142857142857143,0.8333333333333334,0.2857142857142857,0.0,32,0,4,10,0.18676101635811262,0.8043478260869565,0.631578947368421,0.8571428571428571,0.7272727272727273,0.14285714285714285,0.21875,25,7,2,12
random_forest_tuned,r2f1,2,1,47,13,"{""model__max_features"": 0.5, ""model__min_samples_leaf"": 3, ""model__n_estimators"": 300}",0.909502262443439,0.7822539137584386,0.12398129158353353,0.36373601644146664,0.8085106382978723,0.8333333333333334,0.38461538461538464,0.5263157894736842,0.6153846153846154,0.029411764705882353,33,1,8,5,0.197884448884449,0.8936170212765957,0.7222222222222222,1.0,0.8387096774193549,0.0,0.14705882352941177,29,5,0,13
random_forest_tuned,r2f2,2,2,67,24,"{""model__max_features"": 0.5, ""model__min_samples_leaf"": 3, ""model__n_estimators"": 300}",0.8081395348837209,0.73765405964585,0.17011703956660718,0.5177455641179248,0.7761194029850746,0.7647058823529411,0.5416666666666666,0.6341463414634146,0.4583333333333333,0.09302325581395349,39,4,11,13,0.22931383431383415,0.5970149253731343,0.46938775510204084,0.9583333333333334,0.6301369863013698,0.041666666666666664,0.6046511627906976,17,26,1,23
random_forest_tuned,r2f3,2,3,45,14,"{""model__max_features"": ""sqrt"", ""model__min_samples_leaf"": 3, ""model__n_estimators"": 300}",0.9308755760368663,0.8872297474781946,0.12057329214226979,0.3567385765161429,0.8,0.631578947368421,0.8571428571428571,0.7272727272727273,0.14285714285714285,0.22580645161290322,24,7,2,12,0.2395813971431618,0.7555555555555555,0.5714285714285714,0.8571428571428571,0.6857142857142857,0.14285714285714285,0.2903225806451613,22,9,2,12
random_forest_tuned,r2f4,2,4,47,15,"{""model__max_features"": ""sqrt"", ""model__min_samples_leaf"": 1, ""model__n_estimators"": 300}",0.8375,0.7064009281704381,0.16563167848699764,0.47460234672225127,0.7659574468085106,1.0,0.26666666666666666,0.42105263157894735,0.7333333333333333,0.0,32,0,11,4,0.13666666666666666,0.7021276595744681,0.5172413793103449,1.0,0.6818181818181818,0.0,0.4375,18,14,0,15
random_forest_tuned,r3f0,3,0,67,24,"{""model__max_features"": 0.5, ""model__min_samples_leaf"": 3, ""model__n_estimators"": 300}",0.9050387596899225,0.8678569823201577,0.1256912483793946,0.3827866301940283,0.8208955223880597,0.9285714285714286,0.5416666666666666,0.6842105263157895,0.4583333333333333,0.023255813953488372,42,1,11,13,0.16251070226070227,0.746268656716418,0.5897435897435898,0.9583333333333334,0.7301587301587301,0.041666666666666664,0.37209302325581395,27,16,1,23
random_forest_tuned,r3f1,3,1,45,14,"{""model__max_features"": ""sqrt"", ""model__min_samples_leaf"": 1, ""model__n_estimators"": 300}",0.8594470046082949,0.7163801379137513,0.15778123456790122,0.46743686405715973,0.7555555555555555,0.8,0.2857142857142857,0.42105263157894735,0.7142857142857143,0.03225806451612903,30,1,10,4,0.13,0.7333333333333333,0.5454545454545454,0.8571428571428571,0.6666666666666666,0.14285714285714285,0.3225806451612903,21,10,2,12
random_forest_tuned,r3f2,3,2,46,14,"{""model__max_features"": ""sqrt"", ""model__min_samples_leaf"": 3, ""model__n_estimators"": 300}",0.828125,0.7392953840432832,0.14497618086555275,0.45816481155932637,0.8043478260869565,0.7777777777777778,0.5,0.6086956521739131,0.5,0.0625,30,2,7,7,0.1805720668220669,0.6521739130434783,0.4642857142857143,0.9285714285714286,0.6190476190476191,0.07142857142857142,0.46875,17,15,1,13
random_forest_tuned,r3f3,3,3,45,14,"{""model__max_features"": 0.5, ""model__min_samples_leaf"": 3, ""model__n_estimators"": 300}",0.8894009216589862,0.8448168922741509,0.13933388686309922,0.4095773119389046,0.8,0.631578947368421,0.8571428571428571,0.7272727272727273,0.14285714285714285,0.22580645161290322,24,7,2,12,0.24789218624512752,0.6444444444444445,0.4642857142857143,0.9285714285714286,0.6190476190476191,0.07142857142857142,0.4838709677419355,16,15,1,13
random_forest_tuned,r3f4,3,4,49,14,"{""model__max_features"": ""sqrt"", ""model__min_samples_leaf"": 3, ""model__n_estimators"": 300}",0.7387755102040816,0.5628108352017991,0.1696967123628042,0.5194995809003808,0.7755102040816326,0.6,0.6428571428571429,0.6206896551724138,0.35714285714285715,0.17142857142857143,29,6,5,9,0.21492319994820008,0.6938775510204082,0.47619047619047616,0.7142857142857143,0.5714285714285714,0.2857142857142857,0.3142857142857143,24,11,4,10
random_forest_tuned,r4f0,4,0,47,15,"{""model__max_features"": ""sqrt"", ""model__min_samples_leaf"": 3, ""model__n_estimators"": 300}",0.9291666666666667,0.9038924233661074,0.10182515213055124,0.34101247445600685,0.9148936170212766,1.0,0.7333333333333333,0.8461538461538461,0.26666666666666666,0.0,32,0,4,11,0.1886910094263036,0.6808510638297872,0.5,1.0,0.6666666666666666,0.0,0.46875,17,15,0,15
random_forest_tuned,r4f1,4,1,47,14,"{""model__max_features"": ""sqrt"", ""model__min_samples_leaf"": 1, ""model__n_estimators"": 300}",0.9610389610389609,0.929997383568812,0.12565555555555555,0.3750316903112434,0.8085106382978723,1.0,0.35714285714285715,0.5263157894736842,0.6428571428571429,0.0,33,0,9,5,0.20333333333333334,0.8936170212765957,0.8461538461538461,0.7857142857142857,0.8148148148148148,0.21428571428571427,0.06060606060606061,31,2,3,11
random_forest_tuned,r4f2,4,2,68,25,"{""model__max_features"": ""sqrt"", ""model__min_samples_leaf"": 3, ""model__n_estimators"": 300}",0.7841860465116279,0.7128791504812172,0.17968973683417,0.526205642886155,0.7205882352941176,0.75,0.36,0.4864864864864865,0.64,0.06976744186046512,40,3,16,9,0.20832341531254572,0.6323529411764706,0.5,0.92,0.647887323943662,0.08,0.5348837209302325,20,23,2,23
random_forest_tuned,r4f3,4,3,45,13,"{""model__max_features"": ""sqrt"", ""model__min_samples_leaf"": 1, ""model__n_estimators"": 300}",0.9350961538461539,0.9008547008547008,0.07161999999999999,0.24692258547143894,0.9333333333333333,1.0,0.7692307692307693,0.8695652173913043,0.23076923076923078,0.0,32,0,3,10,0.2,0.7777777777777778,0.5882352941176471,0.7692307692307693,0.6666666666666666,0.23076923076923078,0.21875,25,7,3,10
random_forest_tuned,r4f4,4,4,45,13,"{""model__max_features"": 0.5, ""model__min_samples_leaf"": 3, ""model__n_estimators"": 300}",0.7764423076923077,0.5572797378060537,0.20701629388443446,0.5770192406301303,0.6222222222222222,0.4230769230769231,0.8461538461538461,0.5641025641025641,0.15384615384615385,0.46875,17,15,2,11,0.18346081696081692,0.6444444444444445,0.4482758620689655,1.0,0.6190476190476191,0.0,0.5,16,16,0,13
xgboost_tuned,r0f0,0,0,47,13,"{""model__learning_rate"": 0.03, ""model__max_depth"": 3, ""model__min_child_weight"": 3, ""model__n_estimators"": 300}",0.9298642533936652,0.8528885087413514,0.1030651181936264,0.31915661692619324,0.851063829787234,0.6875,0.8461538461538461,0.7586206896551724,0.15384615384615385,0.14705882352941177,29,5,2,11,0.1892697811126709,0.7659574468085106,0.5454545454545454,0.9230769230769231,0.6857142857142857,0.07692307692307693,0.29411764705882354,24,10,1,12
xgboost_tuned,r0f1,0,1,45,15,"{""model__learning_rate"": 0.1, ""model__max_depth"": 4, ""model__min_child_weight"": 3, ""model__n_estimators"": 100}",0.9588888888888889,0.9186384261306861,0.12323252111673355,0.3683680593967438,0.8222222222222222,1.0,0.4666666666666667,0.6363636363636364,0.5333333333333333,0.0,30,0,8,7,0.1673249900341034,0.8888888888888888,0.8571428571428571,0.8,0.8275862068965517,0.2,0.06666666666666667,28,2,3,12
xgboost_tuned,r0f2,0,2,47,13,"{""model__learning_rate"": 0.1, ""model__max_depth"": 2, ""model__min_child_weight"": 3, ""model__n_estimators"": 100}",0.8416289592760182,0.6828256445647749,0.17025713622570038,0.47931626439094543,0.7021276595744681,0.47368421052631576,0.6923076923076923,0.5625,0.3076923076923077,0.29411764705882354,24,10,4,9,0.2613009214401245,0.6595744680851063,0.42857142857142855,0.6923076923076923,0.5294117647058824,0.3076923076923077,0.35294117647058826,22,12,4,9
xgboost_tuned,r0f3,0,3,69,25,"{""model__learning_rate"": 0.03, ""model__max_depth"": 4, ""model__min_child_weight"": 1, ""model__n_estimators"": 100}",0.7890909090909091,0.7447983938307186,0.16689543426036835,0.4983106553554535,0.7536231884057971,0.8333333333333334,0.4,0.5405405405405406,0.6,0.045454545454545456,42,2,15,10,0.1983763873577118,0.6086956521739131,0.4807692307692308,1.0,0.6493506493506493,0.0,0.6136363636363636,17,27,0,25
xgboost_tuned,r0f4,0,4,44,14,"{""model__learning_rate"": 0.1, ""model__max_depth"": 2, ""model__min_child_weight"": 3, ""model__n_estimators"": 300}",0.9011904761904761,0.8453976061895315,0.12657052278518677,0.4236004054546356,0.8409090909090909,0.8888888888888888,0.5714285714285714,0.6956521739130435,0.42857142857142855,0.03333333333333333,29,1,6,8,0.11716204881668091,0.8181818181818182,0.6875,0.7857142857142857,0.7333333333333333,0.21428571428571427,0.16666666666666666,25,5,3,11
xgboost_tuned,r1f0,1,0,45,13,"{""model__learning_rate"": 0.1, ""model__max_depth"": 2, ""model__min_child_weight"": 1, ""model__n_estimators"": 100}",0.9326923076923077,0.8929553352630275,0.08149108290672302,0.2790231704711914,0.9111111111111111,0.9090909090909091,0.7692307692307693,0.8333333333333334,0.23076923076923078,0.03125,31,1,3,10,0.1675906479358673,0.8444444444444444,0.6875,0.8461538461538461,0.7586206896551724,0.15384615384615385,0.15625,27,5,2,11
xgboost_tuned,r1f1,1,1,67,26,"{""model__learning_rate"": 0.1, ""model__max_depth"": 3, ""model__min_child_weight"": 3, ""model__n_estimators"": 100}",0.8888367729831145,0.8282498527257368,0.1770881712436676,0.4993683397769928,0.7014925373134329,1.0,0.23076923076923078,0.375,0.7692307692307693,0.0,41,0,20,6,0.12670305371284485,0.7164179104477612,0.5813953488372093,0.9615384615384616,0.7246376811594203,0.038461538461538464,0.43902439024390244,23,18,1,25
xgboost_tuned,r1f2,1,2,48,15,"{""model__learning_rate"": 0.03, ""model__max_depth"": 3, ""model__min_child_weight"": 3, ""model__n_estimators"": 300}",0.8404040404040404,0.7565238510360461,0.15883152186870575,0.49874722957611084,0.7916666666666666,0.6666666666666666,0.6666666666666666,0.6666666666666666,0.3333333333333333,0.15151515151515152,28,5,5,10,0.1795632243156433,0.7291666666666666,0.5454545454545454,0.8,0.6486486486486487,0.2,0.30303030303030304,23,10,3,12
xgboost_tuned,r1f3,1,3,47,13,"{""model__learning_rate"": 0.03, ""model__max_depth"": 4, ""model__min_child_weight"": 3, ""model__n_estimators"": 300}",0.9298642533936652,0.8557315491526016,0.09991837292909622,0.3016296625137329,0.8297872340425532,0.6666666666666666,0.7692307692307693,0.7142857142857143,0.23076923076923078,0.14705882352941177,29,5,3,10,0.2215954214334488,0.8297872340425532,0.6190476190476191,1.0,0.7647058823529411,0.0,0.23529411764705882,26,8,0,13
xgboost_tuned,r1f4,1,4,45,13,"{""model__learning_rate"": 0.1, ""model__max_depth"": 4, ""model__min_child_weight"": 3, ""model__n_estimators"": 100}",0.8942307692307692,0.8154148641705201,0.14971031248569489,0.44908812642097473,0.7555555555555555,0.5454545454545454,0.9230769230769231,0.6857142857142857,0.07692307692307693,0.3125,22,10,1,12,0.33516061305999756,0.6222222222222222,0.42857142857142855,0.9230769230769231,0.5853658536585366,0.07692307692307693,0.5,16,16,1,12
xgboost_tuned,r2f0,2,0,46,14,"{""model__learning_rate"": 0.1, ""model__max_depth"": 3, ""model__min_child_weight"": 3, ""model__n_estimators"": 100}",0.9308035714285714,0.8933982683982682,0.09336815029382706,0.31165650486946106,0.8913043478260869,0.9090909090909091,0.7142857142857143,0.8,0.2857142857142857,0.03125,31,1,4,10,0.1337062567472458,0.8043478260869565,0.6470588235294118,0.7857142857142857,0.7096774193548387,0.21428571428571427,0.1875,26,6,3,11
xgboost_tuned,r2f1,2,1,47,13,"{""model__learning_rate"": 0.1, ""model__max_depth"": 4, ""model__min_child_weight"": 3, ""model__n_estimators"": 100}",0.911764705882353,0.7896853711898959,0.11911849677562714,0.34322816133499146,0.8297872340425532,0.8571428571428571,0.46153846153846156,0.6,0.5384615384615384,0.029411764705882353,33,1,7,6,0.2123793214559555,0.8297872340425532,0.6190476190476191,1.0,0.7647058823529411,0.0,0.23529411764705882,26,8,0,13
xgboost_tuned,r2f2,2,2,67,24,"{""model__learning_rate"": 0.03, ""model__max_depth"": 3, ""model__min_child_weight"": 3, ""model__n_estimators"": 300}",0.8173449612403101,0.730030560614399,0.1673845797777176,0.5194392204284668,0.7910447761194029,0.6785714285714286,0.7916666666666666,0.7307692307692307,0.20833333333333334,0.20930232558139536,34,9,5,19,0.18475739657878876,0.6268656716417911,0.48936170212765956,0.9583333333333334,0.647887323943662,0.041666666666666664,0.5581395348837209,19,24,1,23
xgboost_tuned,r2f3,2,3,45,14,"{""model__learning_rate"": 0.1, ""model__max_depth"": 4, ""model__min_child_weight"": 3, ""model__n_estimators"": 100}",0.9193548387096774,0.8371326223810696,0.1322723627090454,0.40380048751831055,0.7777777777777778,0.6,0.8571428571428571,0.7058823529411765,0.14285714285714285,0.25806451612903225,23,8,2,12,0.16773450374603271,0.7777777777777778,0.5909090909090909,0.9285714285714286,0.7222222222222222,0.07142857142857142,0.2903225806451613,22,9,1,13
xgboost_tuned,r2f4,2,4,47,15,"{""model__learning_rate"": 0.03, ""model__max_depth"": 4, ""model__min_child_weight"": 3, ""model__n_estimators"": 300}",0.8958333333333334,0.8515852665852666,0.12492109835147858,0.3780176639556885,0.8085106382978723,0.6875,0.7333333333333333,0.7096774193548387,0.26666666666666666,0.15625,27,5,4,11,0.19363273680210114,0.723404255319149,0.5384615384615384,0.9333333333333333,0.6829268292682927,0.06666666666666667,0.375,20,12,1,14
xgboost_tuned,r3f0,3,0,67,24,"{""model__learning_rate"": 0.1, ""model__max_depth"": 4, ""model__min_child_weight"": 3, ""model__n_estimators"": 100}",0.9103682170542635,0.8810988555737038,0.11520900577306747,0.35712161660194397,0.8059701492537313,0.7619047619047619,0.6666666666666666,0.7111111111111111,0.3333333333333333,0.11627906976744186,38,5,8,16,0.1562330275774002,0.7164179104477612,0.5675675675675675,0.875,0.6885245901639344,0.125,0.37209302325581395,27,16,3,21
xgboost_tuned,r3f1,3,1,45,14,"{""model__learning_rate"": 0.1, ""model__max_depth"": 3, ""model__min_child_weight"": 3, ""model__n_estimators"": 300}",0.9251152073732719,0.8623522053282114,0.11984255909919739,0.3476846218109131,0.8666666666666667,1.0,0.5714285714285714,0.7272727272727273,0.42857142857142855,0.0,31,0,6,8,0.15111500024795532,0.8222222222222222,0.65,0.9285714285714286,0.7647058823529411,0.07142857142857142,0.22580645161290322,24,7,1,13
xgboost_tuned,r3f2,3,2,46,14,"{""model__learning_rate"": 0.03, ""model__max_depth"": 3, ""model__min_child_weight"": 1, ""model__n_estimators"": 300}",0.84375,0.7710884103485046,0.1366332471370697,0.44085976481437683,0.8043478260869565,0.7777777777777778,0.5,0.6086956521739131,0.5,0.0625,30,2,7,7,0.10378684848546982,0.6956521739130435,0.5,0.9285714285714286,0.65,0.07142857142857142,0.40625,19,13,1,13
xgboost_tuned,r3f3,3,3,45,14,"{""model__learning_rate"": 0.1, ""model__max_depth"": 2, ""model__min_child_weight"": 3, ""model__n_estimators"": 100}",0.9055299539170507,0.8822308233638283,0.147817924618721,0.4179421365261078,0.7111111111111111,0.5217391304347826,0.8571428571428571,0.6486486486486487,0.14285714285714285,0.3548387096774194,20,11,2,12,0.26677101850509644,0.6888888888888889,0.5,0.8571428571428571,0.631578947368421,0.14285714285714285,0.3870967741935484,19,12,2,12
xgboost_tuned,r3f4,3,4,49,14,"{""model__learning_rate"": 0.03, ""model__max_depth"": 3, ""model__min_child_weight"": 1, ""model__n_estimators"": 300}",0.7612244897959184,0.5295930260215975,0.1918584257364273,0.603155255317688,0.7755102040816326,0.6,0.6428571428571429,0.6206896551724138,0.35714285714285715,0.17142857142857143,29,6,5,9,0.15476612746715546,0.6326530612244898,0.4230769230769231,0.7857142857142857,0.55,0.21428571428571427,0.42857142857142855,20,15,3,11
xgboost_tuned,r4f0,4,0,47,15,"{""model__learning_rate"": 0.1, ""model__max_depth"": 4, ""model__min_child_weight"": 3, ""model__n_estimators"": 100}",0.8895833333333334,0.841068376068376,0.11616069823503494,0.3486378788948059,0.8297872340425532,0.7692307692307693,0.6666666666666666,0.7142857142857143,0.3333333333333333,0.09375,29,3,5,10,0.19164469838142395,0.723404255319149,0.5384615384615384,0.9333333333333333,0.6829268292682927,0.06666666666666667,0.375,20,12,1,14
xgboost_tuned,r4f1,4,1,47,14,"{""model__learning_rate"": 0.1, ""model__max_depth"": 3, ""model__min_child_weight"": 3, ""model__n_estimators"": 100}",0.9642857142857143,0.9281984723714047,0.10390699654817581,0.3096596300601959,0.8085106382978723,1.0,0.35714285714285715,0.5263157894736842,0.6428571428571429,0.0,33,0,9,5,0.15906597673892975,0.8936170212765957,0.7368421052631579,1.0,0.8484848484848485,0.0,0.15151515151515152,28,5,0,14
xgboost_tuned,r4f2,4,2,68,25,"{""model__learning_rate"": 0.1, ""model__max_depth"": 4, ""model__min_child_weight"": 1, ""model__n_estimators"": 100}",0.7641860465116279,0.6803290627789214,0.2032027244567871,0.6008478403091431,0.6764705882352942,0.5652173913043478,0.52,0.5416666666666666,0.48,0.23255813953488372,33,10,12,13,0.08657454699277878,0.6176470588235294,0.4897959183673469,0.96,0.6486486486486487,0.04,0.5813953488372093,18,25,1,24
xgboost_tuned,r4f3,4,3,45,13,"{""model__learning_rate"": 0.1, ""model__max_depth"": 4, ""model__min_child_weight"": 3, ""model__n_estimators"": 100}",0.9783653846153846,0.9537087912087912,0.07169301807880402,0.24407388269901276,0.9111111111111111,1.0,0.6923076923076923,0.8181818181818182,0.3076923076923077,0.0,32,0,4,9,0.13761349022388458,0.8666666666666667,0.7692307692307693,0.7692307692307693,0.7692307692307693,0.23076923076923078,0.09375,29,3,3,10
xgboost_tuned,r4f4,4,4,45,13,"{""model__learning_rate"": 0.03, ""model__max_depth"": 2, ""model__min_child_weight"": 3, ""model__n_estimators"": 300}",0.7668269230769231,0.5004853968812779,0.2327544093132019,0.6499146819114685,0.6222222222222222,0.4230769230769231,0.8461538461538461,0.5641025641025641,0.15384615384615385,0.46875,17,15,2,11,0.22572588920593262,0.6444444444444445,0.4482758620689655,1.0,0.6190476190476191,0.0,0.5,16,16,0,13
