FLEX Test #,FLEX Identifier,Test Date,Test GMT,Fuel,Ambient pressure; mmHg,O initial ambient composition; mole fraction,N initial ambient composition; mole fraction,CO initial ambient composition; mole fraction,He initial ambient composition; mole fraction,Droplet initial diameter; mm,Visible flame extinction diameter; mm,Burning rate; mm,Burn time; s,Test end
1,20CAL08,3/5/2009,17:22:03,Methanol,757.7,0.21,0.79,0,0,1.69,0.89,0.52,4.3,Disruption
2,20CAL10,3/5/2009,19:20:06,Methanol,762,0.21,0.79,0,0,1.86,0.94,0.6,5,Extinction
3,20CAL12,3/5/2009,21:17:46,Methanol,764.2,0.21,0.79,0,0,1.61,0.92,0.58,3.2,Extinction
4,30CAL02,3/31/2009,17:16:18,Methanol,760,0.21,0.79,0,0,2.06,,0.6,7.64,Extinction
5,30CAL03,3/31/2009,19:00:48,Methanol,760,0.21,0.79,0,0,1.92,0.81,0.48,6.34,Extinction
6,40CAL01,3/31/2009,20:05:49,Methanol,760,0.21,0.79,0,0,2.54,1.53,0.51,9.6,Extinction
7,20CAL13,4/10/2009,13:26:11,Heptane,761.3,0.21,0.79,0,0,1.87,,0.67,5.3,Disruption
8,30CAL06,4/10/2009,18:07:15,Heptane,762.4,0.21,0.79,0,0,2.95,,0.79,14.8,Disruption
9,30CAL07,4/10/2009,,Heptane,760,0.21,0.79,0,0,,,,,Disruption
10,256F002,5/22/2009,14:53:27,Methanol,2319.7,0.21,0.09,0.7,0,3.86,,0.37,13.6,Extinction
11,256R001,5/22/2009,15:33:47,Methanol,2318.8,0.21,0.09,0.7,0,3.03,,0.4,16.5,Extinction
12,264F003,5/22/2009,19:23:35,Heptane,2319.9,0.21,0.09,0.7,0,2.74,,,,Disruption
13,256R002,6/25/2009,15:33:05,Methanol,2074.2,0.21,0.09,0.7,0,2.59,,0.49,10.8,Extinction
14,256F007,6/29/2009,12:26:06,Methanol,2055.6,0.21,0.09,0.7,0,3.7,,,11.3,Extinction
15,256F008,6/29/2009,13:56:06,Methanol,2066.6,0.21,0.09,0.7,0,4.42,,,23.1,Extinction
16,256F009,6/29/2009,15:34:58,Methanol,2072.1,0.21,0.09,0.7,0,1.66,1,0.53,3.4,Extinction
17,240R003,7/1/2009,12:28:41,Methanol,1545.7,0.21,0.09,0.7,0,2.67,,,2.4,Disruption
18,248F001,7/1/2009,16:28:56,Heptane,1553.8,0.21,0.09,0.7,0,2.74,1.77,0.61,8.1,Extinction
19,196F001,8/26/2009,19:07:28,Heptane,539.1,0.34,0.66,0,0,3.39,,0.9,4.2,Disruption
20,192F001,10/24/09,14:09:04,Methanol,539.5,0.34,0.66,0,0,3.4,1.56,0.53,17.4,Completion
21,192F002,10/24/09,15:15:24,Methanol,540.6,0.34,0.66,0,0,3.49,0.95,0.66,17.8,Disruption
22,192F003,10/24/09,15:39:48,Methanol,540.5,0.34,0.66,0,0,3.5,,0.65,18.2,Disruption
23,196F002,10/24/09,18:29:53,Heptane,541.8,0.34,0.66,0,0,3.01,,0.73,13.1,Disruption
24,196F003,10/24/09,19:44:04,Heptane,542.8,0.34,0.66,0,0,–,,,,Disruption
25,191R001,11/9/2009,11:42:23,Methanol,537.3,0.3,0.7,0,0,2.6,0.59,0.65,10.3,Completion
26,191F001,11/9/2009,11:59:59,Methanol,538.4,0.3,0.7,0,0,3.63,0.4,0.62,22.2,Disruption
27,195F001,11/9/2009,14:04:11,Heptane,540.7,0.3,0.7,0,0,3.87,,0.64,23.8,Disruption
28,195F002,11/9/2009,14:56:05,Heptane,539.7,0.3,0.7,0,0,3.36,,0.64,17.3,Disruption
29,178R001,11/13/09,13:11:23,Methanol,766.9,0.3,0.7,0,0,2.57,,0.74,10.4,Completion
30,178F001,11/13/09,14:03:46,Methanol,769.2,0.3,0.7,0,0,3.26,1.32,0.59,15.6,Extinction
31,182F001,11/13/09,18:33:39,Heptane,770.5,0.3,0.7,0,0,3.39,,0.85,18.4,Disruption
32,182F002,11/13/09,19:04:33,Heptane,771,0.3,0.7,0,0,3.07,,0.68,14,Completion
33,177R002,11/27/09,10:02:15,Methanol,764.5,0.21,0.79,0,0,2.62,1.25,0.48,11.4,Extinction
34,177F001,11/27/09,11:15:38,Methanol,767.7,0.21,0.79,0,0,3.89,2,0.44,27.3,Extinction
35,181F001,11/27/09,13:01:24,Heptane,768.1,0.21,0.79,0,0,3.85,3.34,0.43,8.9,Extinction
36,190R002,12/15/09,10:39:35,Methanol,539,0.2,0.8,0,0,2.4,1.67,0.45,7.1,Extinction
37,220R001,1/7/2010,19:08:46,Methanol,534.3,0.34,0.66,0,0,3.31,,0.72,10.7,Disruption
38,220R002,1/7/2010,19:20:38,Methanol,534.4,0.34,0.66,0,0,3.59,,0.71,15.3,Disruption
39,224F001,1/7/2010,21:51:19,Heptane,534.9,0.34,0.66,0,0,2.91,0,0.8,9.9,Disruption
40,219R001,1/8/2010,5:02:52,Methanol,535.1,0.3,0.7,0,0,3.77,–,0.62,19.2,Disruption
41,219F001,1/8/2010,4:41:55,Methanol,534.3,0.3,0.7,0,0,3.35,–,0.65,14.1,Disruption
42,223F001,1/8/2010,1:02:04,Heptane,535,0.3,0.7,0,0,2.92,–,0.58,11.3,Disruption
43,223F002,1/8/2010,3:16:16,Heptane,534.9,0.3,0.7,0,0,2.97,0,0.78,11.4,Disruption
44,206F001,1/11/2010,10:33:22,Methanol,766.8,0.3,0.7,0,0,3.49,–,0.63,16.6,Disruption
45,206R001,1/11/2010,10:54:25,Methanol,768.3,0.3,0.7,0,0,2.42,1.01,0.73,6.6,Extinction
46,205R001,1/12/2010,13:14:25,Methanol,769.5,0.21,0.79,0,0,2.78,1.08,0.54,13.1,Disruption
47,209F001,1/12/2010,15:48:17,Heptane,770.1,0.21,0.79,0,0,3.36,–,0.5,17.1,Completion
48,205F001,1/12/2010,12:14:55,Methanol,768.7,0.21,0.79,0,0,3.66,–,0.27,23.5,Disruption
49,209F003,1/19/2010,9:09:16,Heptane,764.9,0.21,0.79,0,0,3.46,2.78,0.59,8.6,Extinction
50,209F004,1/19/2010,14:08:17,Heptane,770.1,0.21,0.79,0,0,3.57,2.98,0.52,8.4,Extinction
51,209F005,1/19/2010,16:38:35,Heptane,771.4,0.21,0.79,0,0,2.41,0,0.65,8.2,Completion
52,210F002,1/11/2010,13:46:44,Heptane,771.1,0.3,0.7,0,0,3.53,0,0.7,18.3,Disruption
53,209F002,1/12/2010,16:29:37,Heptane,770.2,0.21,0.79,0,0,,,,18.5,Disruption
54,190F003,1/29/2010,11:27:01,Methanol,541.4,0.2,0.8,0,0,3.56,,0.41,29,Extinction
55,218F001,1/29/2010,16:06:50,Methanol,542.6,0.2,0.8,0,0,3.37,2.39,0.46,20.5,Disruption
56,194F001,1/29/2010,19:13:22,Heptane,544.1,0.2,0.79,0,0,3.56,3.04,0.44,7.9,Completion
57,303F001,1/29/2010,19:50:16,Heptane,544.4,0.2,0.79,0,0,3.1,2.49,0.54,6.8,Extinction
58,176F001,2/4/2010,2:32:01,Methanol,773.3,0.18,0.82,0,0,3.69,,0.42,29.1,Extinction
59,176R001,2/4/2010,0:26:28,Methanol,769.2,0.18,0.82,0,0,2.93,1.39,0.43,17.7,Extinction
60,204F001,2/4/2010,3:26:05,Methanol,773.7,0.18,0.82,0,0,3.43,,0.45,23.2,Extinction
61,204R001,2/4/2010,3:52:39,Methanol,774.1,0.18,0.82,0,0,3.68,2,0.41,25.7,Extinction
62,301F001,3/11/2010,21:37:48,Heptane,761.8,0.18,0.82,0,0,3.43,3.17,0.39,4.8,Extinction
63,301F002,3/11/2010,23:07:51,Heptane,767.6,0.18,0.81,0,0,2.15,0,0.51,9.6,Completion
64,302F001,3/11/2010,22:12:39,Heptane,764.6,0.18,0.81,0,0,2.69,2.07,0.6,5.5,Extinction
65,189R001,3/19/2010,8:42:53,Methanol,765.9,0.15,0.85,0,0,3.37,,0.4,24.3,Extinction
66,189F001,3/19/2010,9:26:45,Methanol,766.8,0.15,0.85,0,0,2.52,1.32,0.38,12.9,Extinction
67,189F002,3/19/2010,10:17:06,Methanol,767.7,0.15,0.85,0,0,3.97,3.3,0.36,14.4,Extinction
68,189R003,3/19/2010,12:04:45,Methanol,768.8,0.15,0.84,0,0,2.38,1.29,0.39,10.7,Extinction
69,193R002,3/23/2010,10:23:00,Heptane,767.1,0.14,0.84,0,0,1.1,0,0.94,1.3,Completion
70,193F001,3/23/2010,7:25:43,Heptane,761,0.15,0.84,0,0,4.67,4.6,0.41,1.6,Extinction
71,189R002,3/19/2010,11:19:22,Methanol,768.3,0.15,0.84,0,0,2.25,,0.4,8.4,Extinction
72,193R001,3/23/2010,9:06:37,Heptane,765.2,0.15,0.84,0,0,1.13,,0.52,2.5,Completion
73,193F001,3/23/2010,7:25:43,Heptane,761,0.15,0.84,0,0,4.64,4.58,0.56,1.5,Extinction
74,221F001,3/23/2010,9:44:36,Heptane,765.9,0.15,0.84,0,0,1.33,,0.77,2.3,Completion
75,203R002,3/29/2010,21:06:40,Methanol,770.8,0.13,0.85,0,0,2.54,1.78,0.37,9.1,Extinction
76,203F001,3/29/2010,19:24:36,Methanol,769.5,0.13,0.85,0,0,3.21,2.78,0.37,8.9,Extinction
77,175R001,3/29/2010,18:39:20,Methanol,768.4,0.14,0.85,0,0,3.33,2.91,0.34,8.5,Extinction
78,175F001,3/29/2010,17:49:23,Methanol,766,0.14,0.85,0,0,2.66,1.66,0.35,12.9,Extinction
79,179F001,3/30/2010,0:40:16,Heptane,768.1,0.13,0.85,0,0,2.92,2.86,0.25,1.5,Extinction
80,207F001,3/30/2010,2:29:19,Heptane,770,0.13,0.85,0,0,–,,,1,Extinction
81,207F002,3/30/2010,3:59:28,Heptane,770.2,0.13,0.85,0,0,–,,,1.5,Extinction
82,304F001,4/19/2010,17:19:17,Methanol,764.6,0.13,0.87,0,0,2.84,2.39,0.35,7.5,Extinction
83,304F002,4/19/2010,21:18:05,Methanol,772,0.12,0.87,0,0,–,,,5.45,Extinction
84,304R001,4/19/2010,17:51:24,Methanol,767.2,0.12,0.87,0,0,2.35,1.42,0.35,10.8,Extinction
85,304R002,4/19/2010,20:12:58,Methanol,771.2,0.12,0.87,0,0,2.4,1.77,0.35,9.3,Extinction
86,305F002,4/19/2010,19:16:37,Methanol,770,0.12,0.87,0,0,3.07,2.56,0.35,9,Extinction
87,305F003,4/19/2010,20:38:54,Methanol,771.2,0.12,0.87,0,0,2.64,1.92,0.38,9.3,Extinction
88,053R001,5/5/2010,22:37:54,Methanol,537.5,0.25,0.6,0.15,0,3.01,–,0.53,14.8,Disruption
89,053F001,5/5/2010,22:19:33,Methanol,537.4,0.25,0.6,0.15,0,3.7,–,0.51,24,Disruption
90,141R001,5/6/2010,0:07:51,Methanol,539.2,0.25,0.6,0.15,0,3.62,–,0.53,20.1,Disruption
91,141F001,5/5/2010,23:10:01,Methanol,538.3,0.25,0.6,0.15,0,3.51,–,0.51,18,Disruption
92,061F002,6/14/2010,22:54:56,Heptane,536.3,0.25,0.6,0.15,0,3.41,–,0.55,21.7,Disruption
93,149F001,6/15/2010,0:32:31,Heptane,537.3,0.25,0.6,0.15,0,2.48,0,0.71,8.3,Disruption
94,C08H101,6/15/2010,2:10:43,Heptane,533.6,0.24,0.56,0.2,0,3.53,2.76,0.51,10.1,Extinction
95,C08H201,6/15/2010,3:22:41,Heptane,534.4,0.24,0.56,0.2,0,3.6,3.04,0.58,8,Extinction
96,C08H301,6/15/2010,4:37:39,Heptane,534.4,0.24,0.56,0.2,0,–,–,,5.2,Disruption
97,C08M101,6/16/2010,22:43:35,Methanol,534.2,0.23,0.56,0.2,0,4.25,2.6,0.45,26.5,Completion
98,C09M201,6/21/2010,14:21:26,Methanol,537.1,0.23,0.52,0.25,0,3.64,1.74,0.47,22.9,Extinction
99,C09M101,6/21/2010,12:57:34,Methanol,535,0.23,0.52,0.25,0,4.28,2.32,0.42,33,Extinction
100,C09H101,6/29/2010,8:30:46,Heptane,536.7,0.23,0.52,0.25,0,4.14,3.98,0.34,6.1,Extinction
101,C09H201,6/29/2010,9:38:10,Heptane,538.7,0.23,0.52,0.25,0,3.88,3.45,0.5,6.5,Extinction
102,C10H101,6/29/2010,11:21:09,Heptane,534.2,0.21,0.49,0.3,0,3.57,3.43,0.33,4.2,Extinction
103,C10H201,6/29/2010,11:56:02,Heptane,534.3,0.21,0.49,0.3,0,4,3.88,0.35,3.2,Extinction
104,C08M201,6/16/2010,23:04:00,Methanol,534.1,0.23,0.56,0.2,0,3.6,1.58,0.49,23.2,Extinction
105,C08M301,6/16/2010,23:29:19,Methanol,534.6,0.23,0.56,0.2,0,4.17,2,0.47,30.7,Disruption
106,C09M401,6/21/2010,15:52:51,Methanol,538.3,0.23,0.52,0.25,0,3.08,1.75,0.51,14.1,Disruption
107,C08M401,6/16/2010,23:51:26,Methanol,535,0.23,0.56,0.2,0,3.18,–,0.52,15.1,Disruption
108,C09M301,6/21/2010,15:35:57,Methanol,538.3,0.23,0.52,0.25,0,3.75,–,0.47,24.3,Completion
109,C10M102,8/31/2010,5:38:01,Methanol,536.5,0.21,0.49,0.3,0,3.56,1.92,0.42,,Extinction
110,C10M201,8/31/2010,7:16:40,Methanol,537,0.21,0.49,0.3,0,2.83,1.57,0.45,13,Extinction
111,C10M303,8/31/2010,8:58:24,Methanol,536.9,0.21,0.49,0.3,0,3.37,2.1,0.45,16.4,Completion
112,C10M401,9/1/2010,15:27:44,Methanol,530.7,0.21,0.49,0.3,0,3.99,2.35,0.43,25.2,Completion
113,C11M101,9/1/2010,19:17:58,Methanol,534.6,0.2,0.45,0.35,0,4.2,2.85,0.49,18.2,Extinction
114,C11M201,9/6/2010,19:14:22,Methanol,0,0.2,0.45,0.35,0,3.23,1.68,0.42,18.9,Extinction
115,C11M301,9/1/2010,20:40:16,Methanol,535.8,0.2,0.45,0.35,0,3.97,2.61,0.41,22.9,Extinction
116,C11M401,9/1/2010,20:57:41,Methanol,536.3,0.2,0.45,0.35,0,3.16,1.57,0.46,16.9,Extinction
117,C11H101,9/6/2010,18:14:53,Heptane,531.1,0.2,0.45,0.35,0,3.84,3.77,0.25,2.4,Extinction
118,C11H201,9/6/2010,19:14:22,Heptane,532.8,0.2,0.44,0.35,0,3.03,2.93,0.38,2.5,Extinction
119,C12H103,9/7/2010,1:50:01,Heptane,532.6,0.18,0.42,0.4,0,2.6,2.48,0.37,1.3,Extinction
120,C12H201,9/7/2010,1:08:26,Heptane,532.5,0.18,0.42,0.4,0,2.45,2.39,0.38,1.43,Extinction
121,C12M101,9/8/2010,19:21:31,Methanol,526.3,0.18,0.42,0.4,0,4.25,3.92,0.34,8,Extinction
122,C12M201,9/8/2010,21:44:37,Methanol,531.2,0.18,0.42,0.4,0,3.46,2.58,0.41,13.9,Extinction
123,C12M301,9/8/2010,22:16:51,Methanol,532,0.18,0.42,0.4,0,4.13,3.79,0.35,8.7,Extinction
124,C12M401,9/8/2010,22:45:54,Methanol,532.4,0.18,0.42,0.4,0,2.87,2.74,0.3,2.4,Extinction
125,C13M103,9/13/2010,21:07:02,Methanol,537.2,0.17,0.38,0.45,0,3.63,3.37,0.35,5.7,Extinction
126,C13M201,9/13/2010,18:11:39,Methanol,536.1,0.17,0.38,0.45,0,2.8,1.84,0.4,11.7,Extinction
127,C13M301,9/13/2010,19:22:49,Methanol,536.7,0.17,0.38,0.45,0,3.22,2.53,0.38,11,Extinction
128,C13M401,9/13/2010,19:49:24,Methanol,537.3,0.17,0.38,0.45,0,2.91,–,0.39,11.5,Extinction
129,C13H102,9/17/2010,1:32:49,Heptane,536.2,0.17,0.38,0.45,0,3.33,3.34,0.33,0.55,Extinction
130,C13H201,9/17/2010,3:55:59,Heptane,537.2,0.17,0.38,0.45,0,2.91,2.89,0.05,0.6,Extinction
131,C21H101,10/6/2010,11:28:52,Heptane,763.9,0.24,0.56,0.2,0,1.72,0.52,0.61,4.9,Disruption
132,C21H201,10/6/2010,12:59:06,Heptane,765.2,0.24,0.56,0.2,0,2.63,0.53,0.6,12.4,Disruption
133,C21H301,10/6/2010,13:59:59,Heptane,766.7,0.24,0.56,0.2,0,3.25,0.55,0.56,19,Disruption
134,C21H401,10/6/2010,14:57:06,Heptane,767.2,0.24,0.56,0.2,0,3.66,2.88,0.56,9.2,Extinction
135,C21H501,10/6/2010,16:22:15,Heptane,768.2,0.24,0.56,0.2,0,2.78,0,0.59,10.8,Completion
136,C21H302,10/6/2010,17:30:58,Heptane,768.1,0.24,0.56,0.2,0,3.08,–,0.51,17,Completion
137,C21H303,10/6/2010,17:53:35,Heptane,768.2,0.24,0.56,0.2,0,3.13,–,0.55,17.5,Disruption
138,C21H304,10/6/2010,18:08:43,Heptane,768.6,0.24,0.56,0.2,0,–,–,,,Disruption
139,C21H305,10/6/2010,19:09:45,Heptane,768,0.24,0.56,0.2,0,1.75,–,0.63,5.4,Disruption
140,C14M101,11/4/2010,16:52:39,Methanol,533.5,0.15,0.35,0.5,0,3.98,3.95,0.2,1.3,Extinction
141,C14M201,11/4/2010,18:07:51,Methanol,534.1,0.15,0.35,0.5,0,2.86,2.73,0.3,2.3,Extinction
142,C14M301,11/4/2010,19:11:39,Methanol,534.5,0.15,0.35,0.5,0,1.86,1.48,0.39,3.4,Extinction
143,C14M302,11/4/2010,20:19:22,Methanol,534.7,0.15,0.35,0.5,0,2.25,2.06,0.36,2.7,Extinction
144,C01M101,11/16/10,9:42:08,Methanol,761.9,0.2,0.75,0.05,0,3.53,1.53,0.45,23.8,Extinction
145,C01M201,11/16/10,10:21:24,Methanol,763.5,0.2,0.75,0.05,0,3.33,1.61,0.45,20,Extinction
146,C01M301,11/16/10,10:54:23,Methanol,765.5,0.2,0.75,0.05,0,4.35,1.95,0.41,39.2,Extinction
147,C13M102,9/13/2010,17:35:49,Methanol,535.7,0.17,0.38,0.45,0,3.02,2.49,0.4,7.8,Extinction
148,C01H101,11/18/10,8:39:27,Heptane,764.4,0.2,0.75,0.05,0,2.58,1.15,0.54,11.8,Disruption
149,C01H201,11/18/10,9:25:38,Heptane,766.2,0.2,0.75,0.05,0,2.21,0.82,0.53,8.9,Disruption
150,C01H302,11/18/10,10:17:02,Heptane,767.6,0.2,0.75,0.05,0,3.18,2.54,0.46,8,Extinction
151,C03M101,12/8/2010,18:31:22,Methanol,762.5,0.18,0.67,0.15,0,3.86,–,0.36,31.3,Completion
152,C03M201,12/8/2010,20:10:32,Methanol,765,0.18,0.67,0.15,0,3.33,1.23,0.43,23.2,Extinction
153,C03M301,12/8/2010,21:08:17,Methanol,765.6,0.18,0.67,0.15,0,2.78,1.19,0.42,15.7,Extinction
154,C03H101,12/9/2010,16:02:14,Heptane,762.3,0.18,0.67,0.15,0,3.7,3.6,0.34,2.2,Extinction
155,C03H201,12/9/2010,17:49:08,Heptane,764.9,0.18,0.67,0.15,0,2.73,2.52,0.39,2.7,Extinction
156,C03H401,12/9/2010,19:12:27,Heptane,765.7,0.18,0.67,0.15,0,1.34,0.45,0.48,3.2,Completion
157,C05M101,12/14/10,13:41:00,Methanol,762.1,0.16,0.59,0.25,0,4.24,3.96,0.3,7.6,Extinction
158,C05M201,12/14/10,14:30:46,Methanol,764.4,0.16,0.59,0.25,0,3.7,3.22,0.37,10.1,Extinction
159,C05M301,12/14/10,15:17:59,Methanol,765.5,0.16,0.59,0.25,0,2.71,1.34,0.38,14.9,Extinction
160,C05M401,12/14/10,17:51:58,Methanol,767.6,0.16,0.59,0.25,0,2.77,1.52,0.38,14.8,Extinction
161,C06M101,12/28/10,11:41:39,Methanol,763.3,0.15,0.54,0.32,0,3.72,3.5,0.28,6,Extinction
162,C06M201,12/28/10,12:05:23,Methanol,764.4,0.15,0.53,0.32,0,3.05,2.54,0.37,8.5,Extinction
163,C06M301,12/28/10,13:00:43,Methanol,765.9,0.15,0.53,0.32,0,2.59,1.63,0.37,11.6,Extinction
164,C06M401,12/28/10,13:36:43,Methanol,766.1,0.15,0.53,0.32,0,2.59,1.79,0.42,8.9,Extinction
165,C03H302,12/9/2010,18:51:34,Heptane,765.4,0.18,0.67,0.15,0,1.96,1.39,0.54,3.9,Extinction
166,C07M101,1/12/2011,21:56:45,Methanol,760.8,0.14,0.5,0.36,0,3.22,3.08,0.28,3.4,Extinction
167,C07M201,1/12/2011,22:11:40,Methanol,761.6,0.14,0.5,0.36,0,2.32,1.84,0.37,5.9,Extinction
168,C15M101,1/18/2011,12:54:25,Methanol,763.4,0.21,0.64,0.15,0,3.03,1.57,0.48,15.6,Disruption
169,C15M201,1/18/2011,14:19:29,Methanol,766.1,0.21,0.64,0.15,0,3.05,1.28,0.51,16.7,Extinction
170,C15M301,1/18/2011,15:58:46,Methanol,766.7,0.21,0.64,0.15,0,3.53,1.59,0.46,23.6,Extinction
171,C03H501,2/21/2011,17:56:40,Heptane,759.9,0.18,0.67,0.15,0,3.74,3.68,0.35,2.8,Extinction
172,C03H601,2/21/2011,19:07:48,Heptane,762,0.18,0.67,0.15,0,2.4,1.96,0.46,4.4,Extinction
173,C03H701,2/21/2011,19:17:37,Heptane,762.1,0.18,0.67,0.15,0,1.35,0.47,0.5,3.6,Disruption
174,C08H502,2/21/2011,22:15:54,Heptane,531.7,0.24,0.56,0.2,0,2.5,0.21,0.56,11.2,Disruption
175,C08H601,2/21/2011,22:43:37,Heptane,532.1,0.24,0.56,0.2,0,2.88,–,0.55,15.6,Disruption
176,C08M501,4/18/2011,20:27:36,Methanol,536.9,0.24,0.56,0.2,0,4.53,–,0.46,38.2,Extinction
177,C08M601,4/18/2011,20:52:24,Methanol,537,0.24,0.56,0.2,0,3.02,1.35,0.52,14.5,Extinction
178,C09H501,4/20/2011,17:56:25,Heptane,533.6,0.23,0.52,0.25,0,3.32,2.61,0.5,8.9,Extinction
179,C09H601,4/20/2011,18:22:58,Heptane,534.4,0.23,0.52,0.25,0,2.07,0.48,0.57,7.5,Disruption
180,C02H101,4/20/2011,20:00:24,Heptane,758.4,0.19,0.71,0.1,0,3.4,3.13,0.41,4.5,Extinction
181,C02H201,4/20/2011,21:14:08,Heptane,759.1,0.19,0.71,0.1,0,2.48,1.68,0.49,7,Extinction
182,C02H202,4/20/2011,21:26:02,Heptane,759,0.19,0.71,0.1,0,1.64,0.49,0.54,5.1,Disruption
183,C09M501,8/8/2011,13:14:11,Methanol,534.4,0.23,0.52,0.25,0,3.72,–,0.53,26.2,Extinction
184,C09M502,8/8/2011,13:30:14,Methanol,535.1,0.23,0.52,0.25,0,3.42,–,0.51,15.8,Extinction
185,C09M601,8/8/2011,13:42:04,Methanol,535.2,0.23,0.52,0.25,0,2.8,1.33,0.51,12.7,Extinction
186,C09M701,8/8/2011,14:52:15,Methanol,536.2,0.23,0.52,0.25,0,2.47,1.21,0.52,9.2,Extinction
187,C02M101,8/8/2011,16:16:48,Methanol,758,0.19,0.71,0.1,0,3.38,1.29,0.47,21.8,Extinction
188,C02M201,8/8/2011,17:49:19,Methanol,758.1,0.19,0.71,0.1,0,2.47,1.08,0.46,11,Extinction
189,C03M501,8/9/2011,10:53:21,Methanol,761.2,0.18,0.67,0.15,0,3.77,1.78,0.42,30.5,Extinction
190,C03M601,8/9/2011,12:28:41,Methanol,764.6,0.18,0.67,0.15,0,2.74,0.95,0.5,14,Extinction
191,C03M701,8/9/2011,12:46:53,Methanol,765.3,0.18,0.67,0.15,0,1.76,0.81,0.46,5.5,Extinction
192,C04M101,8/9/2011,17:07:27,Methanol,759.5,0.17,0.63,0.2,0,3.46,–,0.39,21.8,Extinction
193,C04M201,8/9/2011,18:26:45,Methanol,759.1,0.17,0.63,0.2,0,2.77,1.27,0.4,15.6,Extinction
194,C04H101,8/17/2011,22:31:20,Heptane,752,0.17,0.63,0.2,0,3.76,3.71,0.29,1.6,Extinction
195,C04H201,8/17/2011,22:53:58,Heptane,752.5,0.17,0.63,0.2,0,2.9,2.79,0.36,1.9,Extinction
196,C01H501,8/18/2011,0:24:31,Heptane,758.4,0.2,0.75,0.05,0,3.06,2.28,0.52,8.9,Extinction
197,C01H601,8/18/2011,1:38:10,Heptane,759.8,0.2,0.75,0.05,0,3.04,2.33,0.49,8.1,Extinction
198,C01H701,8/18/2011,1:55:56,Heptane,760.1,0.2,0.75,0.05,0,2.12,0.13,0.53,8.7,Disruption
199,C01M501,8/24/2011,15:07:47,Methanol,754,0.2,0.75,0.05,0,3.37,0.98,0.49,21,Extinction
200,C01M602,8/24/2011,15:56:17,Methanol,756.1,0.2,0.75,0.05,0,2.57,1.13,0.47,11.7,Extinction
201,C01M603,8/24/2011,16:18:58,Methanol,756.9,0.2,0.75,0.05,0,2.4,1.05,0.48,10.2,Extinction
202,N01M101,8/24/2011,21:05:01,Methanol,760.2,0.21,0.79,0,0,3.3,1.42,0.47,19.5,Extinction
203,N01M201,8/24/2011,21:58:36,Methanol,761.6,0.21,0.79,0,0,2.75,1.11,0.52,12.8,Extinction
204,N01H101,8/29/2011,19:04:50,Heptane,756.5,0.21,0.79,0,0,3.56,–,0.43,23.9,Disruption
205,N01H102,8/29/2011,19:21:49,Heptane,757.3,0.21,0.79,0,0,3.58,–,0.42,24,Disruption
206,N01H201,8/29/2011,20:28:30,Heptane,760.2,0.21,0.79,0,0,2.96,0.47,0.5,17.1,Disruption
207,N01H202,8/29/2011,21:54:40,Heptane,762.7,0.21,0.79,0,0,2.72,1.13,0.54,11.5,Completion
208,N01H301,8/29/2011,22:19:47,Heptane,762.9,0.21,0.79,0,0,2.92,–,0.69,12.8,Completion
209,N02H101,8/29/2011,23:36:18,Heptane,759.8,0.16,0.84,0,0,3.34,3.18,0.34,3.4,Extinction
210,N02H201,8/29/2011,23:51:11,Heptane,759.8,0.16,0.84,0,0,,,,,Extinction
211,N02H203,8/30/2011,0:58:06,Heptane,759.9,0.16,0.84,0,0,2.52,2.13,0.42,4.5,Extinction
212,N03H101,9/1/2011,19:44:42,Heptane,764,0.15,0.85,0,0,2.55,2.31,0.37,3.4,Extinction
213,N04H101,9/1/2011,22:54:16,Heptane,759.8,0.14,0.86,0,0,4.16,4.15,0.24,1.6,Extinction
214,N04H201,9/1/2011,23:17:17,Heptane,759.9,0.14,0.86,0,0,1.83,,0.39,3.8,Extinction
215,N04M101,9/8/2011,17:00:27,Methanol,757.6,0.14,0.86,0,0,3.5,,0.3,26,Extinction
216,N04M201,9/8/2011,17:21:15,Methanol,758.3,0.14,0.86,0,0,2.67,1.27,0.38,15.6,Extinction
217,N05M101,9/8/2011,19:00:48,Methanol,759.4,0.13,0.87,0,0,3.46,2.96,0.36,9.5,Extinction
218,N05M201,9/8/2011,20:24:20,Methanol,760.6,0.13,0.87,0,0,2.75,1.46,0.35,16.3,Extinction
219,N06M101,9/9/2011,13:09:53,Methanol,761.6,0.12,0.88,0,0,2.6,2.09,0.36,6.9,Extinction
220,N06M201,9/9/2011,13:28:43,Methanol,761.9,0.12,0.88,0,0,1.94,1.05,0.35,7.8,Extinction
221,N06M202,9/9/2011,14:26:07,Methanol,763.7,0.12,0.88,0,0,1.84,1.04,0.38,6,Extinction
222,H01M102,9/9/2011,17:41:47,Methanol,759.2,0.2,0.75,0,0.05,2.91,1.12,0.51,14.4,Extinction
223,H01M104,9/9/2011,18:27:14,Methanol,759.6,0.2,0.75,0,0.05,,,,~6,Extinction
224,H01H102,9/13/2011,11:55:40,Heptane,755.3,0.2,0.75,0,0.05,2.25,,0.57,~9,Completion
225,H02M101,9/21/2011,22:28:54,Methanol,753.4,0.19,0.71,0,0.1,2.78,,0.57,12.5,Extinction
226,H03M101,9/22/2011,0:02:52,Methanol,759.2,0.18,0.67,0,0.15,2.79,1.3,0.51,12.5,Extinction
227,H03M201,9/22/2011,0:44:55,Methanol,760.3,0.18,0.67,0,0.15,2.95,1.67,0.53,11.7,Extinction
228,N01H401,9/23/2011,23:18:09,Heptane,767.4,0.21,0.79,0,0,3.32,1.37,0.52,17.5,Extinction
229,N01H502,9/24/2011,0:06:41,Heptane,768.1,0.21,0.79,0,0,2.39,,0.57,10.6,Disruption
230,N01H601,9/24/2011,1:06:33,Heptane,769.2,0.21,0.79,0,0,3.65,2.85,0.57,9.6,Extinction
231,H02H101,9/24/2011,2:44:09,Heptane,758.8,0.19,0.71,0,0.1,2.59,,0.54,12,Disruption
232,H03H101,9/27/2011,12:08:14,Heptane,763.7,0.18,0.67,0,0.15,3.52,3.28,0.41,4.1,Extinction
233,H03H201,9/27/2011,13:00:54,Heptane,765.9,0.18,0.67,0,0.15,2.3,,0.49,9.1,Completion
234,H03H202,9/27/2011,13:25:07,Heptane,766.5,0.18,0.67,0,0.15,2.27,,0.51,8.6,Completion
235,H04H101,9/27/2011,15:00:33,Heptane,759.3,0.17,0.63,0,0.2,2.85,2.6,0.46,3.2,Extinction
236,H04H201,9/27/2011,15:12:24,Heptane,759.3,0.17,0.63,0,0.2,2.12,1.39,0.59,4.5,Extinction
237,H04H302,9/27/2011,16:18:19,Heptane,759.6,0.17,0.63,0,0.2,,,,1.7,Disruption
238,H04H303,9/27/2011,16:40:04,Heptane,759.8,0.17,0.63,0,0.2,1.61,,0.91,2.7,Completion
239,H04M101,10/1/2011,0:34:58,Methanol,754.2,0.17,0.63,0,0.2,2.99,,0.49,9.1,Extinction
240,H04M202,10/1/2011,1:21:41,Methanol,757,0.17,0.63,0,0.2,2.9,1.42,0.51,13.1,Extinction
241,H05M102,10/1/2011,2:58:40,Methanol,759.9,0.16,0.59,0,0.25,3.4,2.79,0.51,7.9,Extinction
242,H05M202,10/1/2011,4:26:52,Methanol,761,0.16,0.59,0,0.25,,,,5,Extinction
243,H05H103,10/5/2011,14:58:32,Heptane,757.9,0.16,0.59,0,0.25,1.49,0.69,0.6,2.9,Extinction
244,H06M102,10/7/2011,12:12:14,Methanol,755.6,0.15,0.55,0,0.3,3.67,3.47,0.43,3.6,Extinction
245,H06M201,10/7/2011,13:00:56,Methanol,756.7,0.15,0.55,0,0.3,2.52,2.06,0.56,4,Extinction
246,H07M101,10/7/2011,14:25:42,Methanol,759.2,0.14,0.51,0,0.35,2.44,2.26,0.56,1.5,Extinction
247,H07M202,10/7/2011,15:06:17,Methanol,759.8,0.14,0.51,0,0.35,1.88,1.73,0.58,1,Extinction
248,H08M101,10/11/11,12:11:56,Methanol,763.5,0.13,0.47,0,0.4,3.56,3.54,0.51,0.3,Extinction
249,H10H101,10/12/11,20:16:43,Heptane,534,0.24,0.56,0,0.2,3.78,2.52,0.72,12.2,Extinction
250,H11H101,10/12/11,21:58:55,Heptane,532.2,0.23,0.52,0,0.25,2.8,0.12,0.71,11.4,Completion
251,H10M101,11/18/11,14:48:10,Methanol,534.3,0.24,0.56,0,0.2,2.82,1.03,0.62,11.2,Extinction
252,H10M102,11/18/11,15:19:28,Methanol,534.6,0.24,0.56,0,0.2,2.79,1.53,0.7,8.1,Disruption
253,H11M101,11/18/11,16:59:20,Methanol,531.7,0.23,0.52,0,0.25,2.45,0.86,0.6,8.3,Extinction
254,H11M102,11/18/11,17:51:23,Methanol,531.8,0.23,0.52,0,0.25,2.61,,0.73,6.3,Disruption
255,H12M101,11/18/11,18:53:50,Methanol,531.9,0.21,0.49,0,0.3,3.22,,0.56,10.4,Extinction
256,H12M102,11/18/11,21:29:35,Methanol,531.2,0.21,0.49,0,0.3,3.25,1.78,0.65,12.1,Extinction
257,H12M201,11/18/11,21:53:16,Methanol,531.2,0.21,0.49,0,0.3,2.67,1.42,0.7,7.6,Extinction
258,H12H101,11/22/11,13:04:17,Heptane,529.6,0.21,0.49,0,0.3,3.23,2.33,0.67,7.5,Extinction
259,H12H201,11/22/11,15:49:36,Heptane,529,0.21,0.49,0,0.3,2.86,0.71,0.7,11,Extinction
260,H13H101,11/22/11,20:40:42,Heptane,532.5,0.2,0.45,0,0.35,3.69,3.32,0.61,4.3,Extinction
261,H13H201,11/22/11,20:58:21,Heptane,532,0.2,0.45,0,0.35,3.08,1.69,0.67,5.4,Extinction
262,H13M102,11/28/11,13:13:31,Methanol,527.6,0.2,0.45,0,0.35,3.87,2.24,0.6,17.4,Extinction
263,H13M201,11/28/11,13:24:55,Methanol,527.9,0.2,0.45,0,0.35,2.95,1.5,0.63,10.6,Extinction
264,H14M101,11/28/11,15:07:28,Methanol,532.4,0.18,0.42,0,0.4,3.5,2.67,0.59,7.8,Extinction
265,H14M201,11/28/11,15:35:38,Methanol,532.9,0.18,0.42,0,0.4,2.7,1.92,0.63,5.9,Extinction
266,H14M202,11/28/11,15:54:09,Methanol,533.2,0.18,0.42,0,0.4,1.84,1.3,0.62,2.3,Extinction
267,H14H101,11/30/11,8:39:18,Heptane,528,0.18,0.42,0,0.4,2.27,1.64,0.71,3.5,Extinction
268,H14H201,11/30/11,9:49:07,Heptane,530.3,0.18,0.42,0,0.4,1.86,0.84,0.77,3.5,Extinction
269,H15H101,11/30/11,11:30:51,Heptane,532.2,0.17,0.38,0,0.45,2.22,1.86,0.76,1.9,Extinction
270,H15H201,11/30/11,12:09:00,Heptane,532.5,0.17,0.38,0,0.45,1.61,0.91,1.06,1.4,Completion
271,H15M102,12/5/2011,22:54:10,Methanol,530.4,0.17,0.38,0,0.45,2.79,2.3,0.63,4,Extinction
272,H15M201,12/5/2011,23:39:04,Methanol,531.5,0.17,0.38,0,0.45,2.68,2.31,0.66,2.9,Extinction
273,H19H101,12/8/2011,22:29:44,Heptane,764.7,0.21,0.64,0,0.15,3.54,2.91,0.55,7.6,Extinction
274,H19H201,12/8/2011,23:41:45,Heptane,766.2,0.21,0.64,0,0.15,2.82,0.73,0.65,11.7,Extinction
