player,mean_abs_points,share,grouping
atmosphere (O₂ + CO₂ + He),21.33562252474766,0.5494889387825167,grouped
droplet size,9.791133049260749,0.2521660337061267,grouped
fuel,7.701364555252517,0.1983450275113566,grouped
O₂,19.516325497485237,0.4295136123289662,detailed
droplet size,9.80465986604842,0.2157801107214537,detailed
fuel,7.701364555252517,0.16949096849276263,detailed
CO₂,4.344494748254296,0.09561326661145152,detailed
He,4.071355513999671,0.08960204184536588,detailed
O₂,19.61286897035659,0.45511830618694743,detailed_symmetric
fuel,7.956385584120007,0.18462860970967407,detailed_symmetric
droplet size,6.983222226606446,0.16204627055347046,detailed_symmetric
CO₂,4.3899631839660875,0.10186947210678167,detailed_symmetric
He,4.151561536837892,0.09633734144312642,detailed_symmetric
