test_id,flex_identifier,diluent,outcome_raw,fuel,x_o2,x_co2,x_he,d0_mm,base,fire_risk,phi: fuel,phi: atmosphere (O₂ + CO₂ + He),phi: droplet size
1,20CAL08,N2,Disruption,Methanol,0.21,0.0,0.0,1.69,31.746177813704808,16.990288634901134,-9.226612062508156,3.5643945608748275,-9.093671677170345
2,20CAL10,N2,Extinction,Methanol,0.21,0.0,0.0,1.86,31.746177813704808,18.264014982009183,-9.226612062508156,3.90228489505129,-8.157835664238759
3,20CAL12,N2,Extinction,Methanol,0.21,0.0,0.0,1.61,31.746177813704808,16.415779626747515,-9.226612062508156,3.4130177182712327,-9.516803842720373
4,30CAL02,N2,Extinction,Methanol,0.21,0.0,0.0,2.06,31.746177813704808,19.855955790208174,-9.226612062508156,4.328252987448137,-6.9918629484366175
5,30CAL03,N2,Extinction,Methanol,0.21,0.0,0.0,1.92,31.746177813704808,18.73092578888183,-9.226612062508156,4.026838006203233,-7.815477968518051
6,40CAL01,N2,Extinction,Methanol,0.21,0.0,0.0,2.54,31.746177813704808,24.093770818148517,-9.226612062508156,5.475584959476583,-3.9013798925247176
7,20CAL13,N2,Disruption,Heptane,0.21,0.0,0.0,1.87,31.746177813704808,95.72759980789817,5.600551950919279,19.03733755315618,39.34353249011791
8,30CAL06,N2,Disruption,Heptane,0.21,0.0,0.0,2.95,31.746177813704808,59.492229038203526,5.600551950919279,19.309187404577653,2.8363118690017792
19,196F001,N2,Disruption,Heptane,0.34,0.0,0.0,3.39,31.746177813704808,99.56814102512719,5.600551950919279,68.96928386560558,-6.747872605102472
20,192F001,N2,Completion,Methanol,0.34,0.0,0.0,3.4,31.746177813704808,99.57758749305333,-9.226612062508156,76.28004561100575,0.7779761308509183
21,192F002,N2,Disruption,Methanol,0.34,0.0,0.0,3.49,31.746177813704808,99.59668572878509,-9.226612062508156,76.05338167919962,1.0237382983888388
22,192F003,N2,Disruption,Methanol,0.34,0.0,0.0,3.5,31.746177813704808,99.59875394207242,-9.226612062508156,76.02791645300954,1.051271737866216
23,196F002,N2,Disruption,Heptane,0.34,0.0,0.0,3.01,31.746177813704808,99.83400183121874,5.600551950919279,63.52953999454695,-1.042267927952313
25,191R001,N2,Completion,Methanol,0.3,0.0,0.0,2.6,31.746177813704808,95.90039544892271,-9.226612062508156,74.85025424869656,-1.4694245509705066
26,191F001,N2,Disruption,Methanol,0.3,0.0,0.0,3.63,31.746177813704808,97.54959095816827,-9.226612062508156,73.1489144892405,1.8811107177311257
27,195F001,N2,Disruption,Heptane,0.3,0.0,0.0,3.87,31.746177813704808,91.14981763978206,5.600551950919279,68.04242020713991,-14.239332331981943
28,195F002,N2,Disruption,Heptane,0.3,0.0,0.0,3.36,31.746177813704808,97.38870019062573,5.600551950919279,66.14369764519773,-6.1017272191960785
29,178R001,N2,Completion,Methanol,0.3,0.0,0.0,2.57,31.746177813704808,95.83907699595954,-9.226612062508156,74.88479663395535,-1.5652853891924359
30,178F001,N2,Extinction,Methanol,0.3,0.0,0.0,3.26,31.746177813704808,97.0491142188906,-9.226612062508156,73.86964176680266,0.6599067008912591
31,182F001,N2,Disruption,Heptane,0.3,0.0,0.0,3.39,31.746177813704808,97.18913925933767,5.600551950919279,66.42767560827838,-6.585266113564771
32,182F002,N2,Completion,Heptane,0.3,0.0,0.0,3.07,31.746177813704808,98.72648116948378,5.600551950919279,62.592358591125546,-1.2126071862658279
33,177R002,N2,Extinction,Methanol,0.21,0.0,0.0,2.62,31.746177813704808,24.85707787993236,-9.226612062508156,5.6835787772274635,-3.3460666484917567
34,177F001,N2,Extinction,Methanol,0.21,0.0,0.0,3.89,31.746177813704808,38.92002913199272,-9.226612062508156,9.509892134131519,6.890571246664543
35,181F001,N2,Extinction,Heptane,0.21,0.0,0.0,3.85,31.746177813704808,13.16481706578407,5.600551950919279,7.204850948336203,-31.38676364717622
36,190R002,N2,Extinction,Methanol,0.2,0.0,0.0,2.4,31.746177813704808,15.523137668537029,-9.226612062508156,-2.82104942968522,-4.175378652974401
37,220R001,N2,Disruption,Methanol,0.34,0.0,0.0,3.31,31.746177813704808,99.55758891126946,-9.226612062508156,76.50212042591116,0.5359027341616596
38,220R002,N2,Disruption,Methanol,0.34,0.0,0.0,3.59,31.746177813704808,99.6168988759917,-9.226612062508156,75.79623435987534,1.301098764919697
39,224F001,N2,Disruption,Heptane,0.34,0.0,0.0,2.91,31.746177813704808,99.87097139459391,5.600551950919279,61.88234986308937,0.6418917668804269
40,219R001,N2,Disruption,Methanol,0.3,0.0,0.0,3.77,31.746177813704808,97.71652872956692,-9.226612062508156,72.84714784784947,2.3498151305207884
41,219F001,N2,Disruption,Methanol,0.3,0.0,0.0,3.35,31.746177813704808,97.17929225818085,-9.226612062508156,73.70497477044347,0.9547517365407252
42,223F001,N2,Disruption,Heptane,0.3,0.0,0.0,2.92,31.746177813704808,99.12424130610181,5.600551950919279,60.325900593648335,1.451610947829387
43,223F002,N2,Disruption,Heptane,0.3,0.0,0.0,2.97,31.746177813704808,99.00765564800223,5.600551950919279,61.10491215593546,0.5560137274426822
44,206F001,N2,Disruption,Methanol,0.3,0.0,0.0,3.49,31.746177813704808,97.37077724161499,-9.226612062508156,73.43506031867145,1.4161511717468862
45,206R001,N2,Extinction,Methanol,0.3,0.0,0.0,2.42,31.746177813704808,95.51910523462865,-9.226612062508156,75.0436932211094,-2.0441537376773766
46,205R001,N2,Disruption,Methanol,0.21,0.0,0.0,2.78,31.746177813704808,26.431560703347856,-9.226612062508156,6.113328227125274,-2.20133327497407
47,209F001,N2,Completion,Heptane,0.21,0.0,0.0,3.36,31.746177813704808,34.29600387921327,5.600551950919279,12.892623265010894,-15.943349150421692
48,205F001,N2,Disruption,Methanol,0.21,0.0,0.0,3.66,31.746177813704808,36.13750365236479,-9.226612062508156,8.759843237149964,4.858094664018177
49,209F003,N2,Extinction,Heptane,0.21,0.0,0.0,3.46,31.746177813704808,28.854855955249498,5.600551950919279,11.408037032417397,-19.899910841791986
50,209F004,N2,Extinction,Heptane,0.21,0.0,0.0,3.57,31.746177813704808,23.50543655223259,5.600551950919279,9.947780772256653,-23.789073984648148
51,209F005,N2,Completion,Heptane,0.21,0.0,0.0,2.41,31.746177813704808,85.15539639453287,5.600551950919279,22.73103542833784,25.07763120157093
52,210F002,N2,Disruption,Heptane,0.3,0.0,0.0,3.53,31.746177813704808,96.04535693250351,5.600551950919279,67.49857420134931,-8.799947033469902
54,190F003,N2,Extinction,Methanol,0.2,0.0,0.0,3.56,31.746177813704808,25.06114915949471,-9.226612062508156,-0.814687741855197,3.35627115015326
55,218F001,N2,Disruption,Methanol,0.2,0.0,0.0,3.37,31.746177813704808,23.264573851154548,-9.226612062508156,-1.2123903676093342,1.9573984675672307
56,194F001,N2,Completion,Heptane,0.2,0.0,0.0,3.56,31.746177813704808,16.39551696166137,5.600551950919279,2.439367988718871,-23.39058079168159
57,303F001,N2,Extinction,Heptane,0.2,0.0,0.0,3.1,31.746177813704808,38.49831750355203,5.600551950919279,7.398262704003573,-6.246674965075629
58,176F001,N2,Extinction,Methanol,0.18,0.0,0.0,3.69,31.746177813704808,12.164832848827592,-9.226612062508156,-13.298486918316001,2.9437540159469453
59,176R001,N2,Extinction,Methanol,0.18,0.0,0.0,2.93,31.746177813704808,8.554975227716138,-9.226612062508156,-13.162256168377546,-0.8023343551029667
60,204F001,N2,Extinction,Methanol,0.18,0.0,0.0,3.43,31.746177813704808,10.802024214795782,-9.226612062508156,-13.282476609470104,1.5649350730692326
61,204R001,N2,Extinction,Methanol,0.18,0.0,0.0,3.68,31.746177813704808,12.10978447368633,-9.226612062508156,-13.298566857913247,2.888785580402925
62,301F001,N2,Extinction,Heptane,0.18,0.0,0.0,3.43,31.746177813704808,9.537124061168349,5.600551950919279,-9.669660921594598,-18.139944781861136
63,301F002,N2,Completion,Heptane,0.18,0.0,0.0,2.15,31.746177813704808,72.70798765508817,5.600551950919279,0.9790667486240512,34.382191141840025
64,302F001,N2,Extinction,Heptane,0.18,0.0,0.0,2.69,31.746177813704808,40.54921688615067,5.600551950919279,-5.705458143969858,8.907945265496439
65,189R001,N2,Extinction,Methanol,0.15,0.0,0.0,3.37,31.746177813704808,2.751577218102663,-9.226612062508156,-20.569424160239066,0.8014356271450795
66,189F001,N2,Extinction,Methanol,0.15,0.0,0.0,2.52,31.746177813704808,1.7918075077940723,-9.226612062508156,-19.04014360243955,-1.6876146409630293
67,189F002,N2,Extinction,Methanol,0.15,0.0,0.0,3.97,31.746177813704808,3.713424903647275,-9.226612062508156,-21.7299562426373,2.9238153950879187
68,189R003,N2,Extinction,Methanol,0.15,0.0,0.0,2.38,31.746177813704808,1.6689703007379721,-9.226612062508156,-18.80725492970025,-2.043340520758433
69,193R002,N2,Completion,Heptane,0.14,0.0,0.0,1.1,31.746177813704808,84.96440627522747,5.600551950919279,-16.496922773070214,64.11459928367361
70,193F001,N2,Extinction,Heptane,0.15,0.0,0.0,4.67,31.746177813704808,0.11109537289323661,5.600551950919279,-14.756169331253448,-22.479465060477402
71,189R002,N2,Extinction,Methanol,0.15,0.0,0.0,2.25,31.746177813704808,1.5623398860319333,-9.226612062508156,-18.596470496096575,-2.3607553690681438
72,193R001,N2,Completion,Heptane,0.15,0.0,0.0,1.13,31.746177813704808,89.38277973010098,5.600551950919279,-12.179110976279404,64.2151609417563
73,193F001,N2,Extinction,Heptane,0.15,0.0,0.0,4.64,31.746177813704808,0.11982059184189274,5.600551950919279,-14.851798839776169,-22.375110333006024
74,221F001,N2,Completion,Heptane,0.15,0.0,0.0,1.33,31.746177813704808,83.55969113312001,5.600551950919279,-13.262287461626869,59.47524883012281
75,203R002,N2,Extinction,Methanol,0.13,0.0,0.0,2.54,31.746177813704808,0.7088232091547678,-9.226612062508156,-20.357383130019606,-1.4533594120222766
76,203F001,N2,Extinction,Methanol,0.13,0.0,0.0,3.21,31.746177813704808,0.9987812630526752,-9.226612062508156,-21.771474532519818,0.250690044375843
77,175R001,N2,Extinction,Methanol,0.14,0.0,0.0,3.33,31.746177813704808,1.6955284555067625,-9.226612062508156,-21.44325821984143,0.6192209241515378
78,175F001,N2,Extinction,Methanol,0.14,0.0,0.0,2.66,31.746177813704808,1.2057599669306207,-9.226612062508156,-20.08666537241427,-1.2271404118517613
79,179F001,N2,Extinction,Heptane,0.13,0.0,0.0,2.92,31.746177813704808,3.440260439070114,5.600551950919279,-31.783097114756956,-2.1233722107970214
82,304F001,N2,Extinction,Methanol,0.13,0.0,0.0,2.84,31.746177813704808,0.8265659429239649,-9.226612062508156,-20.967224579305203,-0.7257752289674844
84,304R001,N2,Extinction,Methanol,0.12,0.0,0.0,2.35,31.746177813704808,0.4011316267870925,-9.226612062508156,-20.290904062273874,-1.8275300621356845
85,304R002,N2,Extinction,Methanol,0.12,0.0,0.0,2.4,31.746177813704808,0.411576439491975,-9.226612062508156,-20.38882334064219,-1.7191659710624894
86,305F002,N2,Extinction,Methanol,0.12,0.0,0.0,3.07,31.746177813704808,0.5806509454571882,-9.226612062508156,-21.813762669832634,-0.12515213590683222
87,305F003,N2,Extinction,Methanol,0.12,0.0,0.0,2.64,31.746177813704808,0.465606174696427,-9.226612062508156,-20.875192391882237,-1.178767184617987
88,053R001,CO2,Disruption,Methanol,0.25,0.15,0.0,3.01,31.746177813704808,60.1702395954597,-9.226612062508156,37.71195277430819,-0.06127893004512508
89,053F001,CO2,Disruption,Methanol,0.25,0.15,0.0,3.7,31.746177813704808,68.32486361899574,-9.226612062508156,40.010809086195366,5.794488781603722
90,141R001,CO2,Disruption,Methanol,0.25,0.15,0.0,3.62,31.746177813704808,67.4244494345253,-9.226612062508156,39.77917313119575,5.125710552132913
91,141F001,CO2,Disruption,Methanol,0.25,0.15,0.0,3.51,31.746177813704808,66.16517444602825,-9.226612062508156,39.44489019417119,4.200718500660422
92,061F002,CO2,Disruption,Heptane,0.25,0.15,0.0,3.41,31.746177813704808,63.209324962017334,5.600551950919279,38.12372896382967,-12.261133766436446
93,149F001,CO2,Disruption,Heptane,0.25,0.15,0.0,2.48,31.746177813704808,94.7235899785462,5.600551950919279,38.88392731407663,18.492932899845496
94,C08H101,CO2,Extinction,Heptane,0.24,0.2,0.0,3.53,31.746177813704808,39.43223802531335,5.600551950919279,22.698576972878076,-20.613068712188802
95,C08H201,CO2,Extinction,Heptane,0.24,0.2,0.0,3.6,31.746177813704808,35.301830856747046,5.600551950919279,21.361971679593147,-23.406870587470202
97,C08M101,CO2,Completion,Methanol,0.23,0.2,0.0,4.25,31.746177813704808,47.769189037088935,-9.226612062508156,14.71219552090368,10.537427764988603
98,C09M201,CO2,Extinction,Methanol,0.23,0.25,0.0,3.64,31.746177813704808,35.49267621663469,-9.226612062508156,8.313705061067074,4.659405404370959
99,C09M101,CO2,Extinction,Methanol,0.23,0.25,0.0,4.28,31.746177813704808,43.362306070297294,-9.226612062508156,10.40952597282921,10.433214346271425
100,C09H101,CO2,Extinction,Heptane,0.23,0.25,0.0,4.14,31.746177813704808,6.686347778325032,5.600551950919279,5.523944472267938,-36.18432645856699
101,C09H201,CO2,Extinction,Heptane,0.23,0.25,0.0,3.88,31.746177813704808,12.133108100328815,5.600551950919279,6.753673263572347,-31.96729492786762
102,C10H101,CO2,Extinction,Heptane,0.21,0.3,0.0,3.57,31.746177813704808,8.789126006941048,5.600551950919279,-6.5763060986535615,-21.98129765902948
103,C10H201,CO2,Extinction,Heptane,0.21,0.3,0.0,4.0,31.746177813704808,3.153530877014709,5.600551950919279,-6.00370399480074,-28.189494892808636
104,C08M201,CO2,Extinction,Methanol,0.23,0.2,0.0,3.6,31.746177813704808,39.53634846709184,-9.226612062508156,12.452949395940934,4.563833319954256
105,C08M301,CO2,Disruption,Methanol,0.23,0.2,0.0,4.17,31.746177813704808,46.73993796913156,-9.226612062508156,14.436530859111027,9.783841358823882
106,C09M401,CO2,Disruption,Methanol,0.23,0.25,0.0,3.08,31.746177813704808,29.18275551429244,-9.226612062508156,6.603782912029084,0.05940685106671317
107,C08M401,CO2,Disruption,Methanol,0.23,0.2,0.0,3.18,31.746177813704808,34.48790609458772,-9.226612062508156,11.019096441833506,0.9492439015575638
108,C09M301,CO2,Completion,Methanol,0.23,0.25,0.0,3.75,31.746177813704808,36.803165351570556,-9.226612062508156,8.666529995292597,5.6170696050813
109,C10M102,CO2,Extinction,Methanol,0.21,0.3,0.0,3.56,31.746177813704808,14.421770579702887,-9.226612062508156,-10.60163752834072,2.5038423568469597
110,C10M201,CO2,Extinction,Methanol,0.21,0.3,0.0,2.83,31.746177813704808,10.363075921827845,-9.226612062508156,-10.809774139837932,-1.346715689530873
111,C10M303,CO2,Completion,Methanol,0.21,0.3,0.0,3.37,31.746177813704808,13.253020972734106,-9.226612062508156,-10.685427303409167,1.4188825249466221
112,C10M401,CO2,Completion,Methanol,0.21,0.3,0.0,3.99,31.746177813704808,17.38295513664406,-9.226612062508156,-10.319607125371151,5.18299651081856
113,C11M101,CO2,Extinction,Methanol,0.2,0.35,0.0,4.2,31.746177813704808,10.736583064803341,-9.226612062508156,-16.905160487944855,5.122177801551543
115,C11M301,CO2,Extinction,Methanol,0.2,0.35,0.0,3.97,31.746177813704808,9.650629331743964,-9.226612062508156,-16.77380605827963,3.904869638826944
116,C11M401,CO2,Extinction,Methanol,0.2,0.35,0.0,3.16,31.746177813704808,6.569481242428823,-9.226612062508156,-16.141189571711593,0.19110506294376028
117,C11H101,CO2,Extinction,Heptane,0.2,0.35,0.0,3.84,31.746177813704808,2.4398926333826445,5.600551950919279,-11.982858367954279,-22.923978763287163
118,C11H201,CO2,Extinction,Heptane,0.2,0.35,0.0,3.03,31.746177813704808,16.181564474790367,5.600551950919279,-14.781337143526052,-6.383828146307668
119,C12H103,CO2,Extinction,Heptane,0.18,0.4,0.0,2.6,31.746177813704808,15.423310927328975,5.600551950919279,-28.508943957151512,6.585525119856396
120,C12H201,CO2,Extinction,Heptane,0.18,0.4,0.0,2.45,31.746177813704808,21.026823628042752,5.600551950919279,-28.348885424797118,12.028979288215787
121,C12M101,CO2,Extinction,Methanol,0.18,0.4,0.0,4.25,31.746177813704808,3.7903604759505405,-9.226612062508156,-22.652301480736067,3.923096205489955
122,C12M201,CO2,Extinction,Methanol,0.18,0.4,0.0,3.46,31.746177813704808,2.553430000644358,-9.226612062508156,-21.040143689319784,1.0740079387674926
123,C12M301,CO2,Extinction,Methanol,0.18,0.4,0.0,4.13,31.746177813704808,3.5708238760580415,-9.226612062508156,-22.404671704290347,3.4559298291517377
124,C12M401,CO2,Extinction,Methanol,0.18,0.4,0.0,2.87,31.746177813704808,1.8957338060400106,-9.226612062508156,-19.906083849073884,-0.7177480960827579
125,C13M103,CO2,Extinction,Methanol,0.17,0.45,0.0,3.63,31.746177813704808,1.446113779582394,-9.226612062508156,-22.564234577475222,1.4907826058609643
126,C13M201,CO2,Extinction,Methanol,0.17,0.45,0.0,2.8,31.746177813704808,0.9469449652171894,-9.226612062508156,-20.734747247541826,-0.8378735384376353
127,C13M301,CO2,Extinction,Methanol,0.17,0.45,0.0,3.22,31.746177813704808,1.1735107429057348,-9.226612062508156,-21.628803360737862,0.28274835244694474
128,C13M401,CO2,Extinction,Methanol,0.17,0.45,0.0,2.91,31.746177813704808,1.0017161022407988,-9.226612062508156,-20.96218264989173,-0.5556669990641246
129,C13H102,CO2,Extinction,Heptane,0.17,0.45,0.0,3.33,31.746177813704808,1.4610829992057308,5.600551950919279,-26.02227037019516,-9.863376395223199
130,C13H201,CO2,Extinction,Heptane,0.17,0.45,0.0,2.91,31.746177813704808,4.102987095249368,5.600551950919279,-31.16131575773644,-2.082426911638285
131,C21H101,CO2,Disruption,Heptane,0.24,0.2,0.0,1.72,31.746177813704808,98.4290940024202,5.600551950919279,23.38256957863577,37.69979465916036
132,C21H201,CO2,Disruption,Heptane,0.24,0.2,0.0,2.63,31.746177813704808,86.31421713766672,5.600551950919279,32.393221780343424,16.574265592699174
133,C21H301,CO2,Disruption,Heptane,0.24,0.2,0.0,3.25,31.746177813704808,56.888341718724966,5.600551950919279,27.902297715166178,-8.360685761065298
134,C21H401,CO2,Extinction,Heptane,0.24,0.2,0.0,3.66,31.746177813704808,31.925757147223973,5.600551950919279,20.24986425254052,-25.670836869940636
135,C21H501,CO2,Completion,Heptane,0.24,0.2,0.0,2.78,31.746177813704808,81.20166532917024,5.600551950919279,32.467787042967,11.38714852157917
136,C21H302,CO2,Completion,Heptane,0.24,0.2,0.0,3.08,31.746177813704808,66.95673401751712,5.600551950919279,30.37287936503744,-0.7628751121443784
137,C21H303,CO2,Disruption,Heptane,0.24,0.2,0.0,3.13,31.746177813704808,64.10840702310138,5.600551950919279,29.730547069914596,-2.9688698114373064
139,C21H305,CO2,Disruption,Heptane,0.24,0.2,0.0,1.75,31.746177813704808,98.30766047580963,5.600551950919279,23.751386762016967,37.20954394916858
140,C14M101,CO2,Extinction,Methanol,0.15,0.5,0.0,3.98,31.746177813704808,0.55798542414789,-9.226612062508156,-24.36626457414848,2.404684247099719
141,C14M201,CO2,Extinction,Methanol,0.15,0.5,0.0,2.86,31.746177813704808,0.3137640902272727,-9.226612062508156,-21.56680873775965,-0.6389929232097304
142,C14M301,CO2,Extinction,Methanol,0.15,0.5,0.0,1.86,31.746177813704808,0.18748653626444267,-9.226612062508156,-19.5733787145983,-2.7587005003339122
143,C14M302,CO2,Extinction,Methanol,0.15,0.5,0.0,2.25,31.746177813704808,0.22920278231921598,-9.226612062508156,-20.292805119292378,-1.997557849585058
144,C01M101,CO2,Extinction,Methanol,0.2,0.05,0.0,3.53,31.746177813704808,21.347275514523133,-9.226612062508156,-4.058114563551452,2.885824326877927
145,C01M201,CO2,Extinction,Methanol,0.2,0.05,0.0,3.33,31.746177813704808,19.665107029144355,-9.226612062508156,-4.375824087387478,1.521365365335182
146,C01M301,CO2,Extinction,Methanol,0.2,0.05,0.0,4.35,31.746177813704808,29.3005005447324,-9.226612062508156,-2.429157366300478,9.210092159836234
147,C13M102,CO2,Extinction,Methanol,0.17,0.45,0.0,3.02,31.746177813704808,1.0596213033685216,-9.226612062508156,-21.194459613319957,-0.2654848345081745
148,C01H101,CO2,Disruption,Heptane,0.2,0.05,0.0,2.58,31.746177813704808,65.707771542605,5.600551950919279,10.605566719543816,17.755475058437085
149,C01H201,CO2,Disruption,Heptane,0.2,0.05,0.0,2.21,31.746177813704808,82.97499396830477,5.600551950919279,12.795567308340214,32.832696895340476
150,C01H302,CO2,Extinction,Heptane,0.2,0.05,0.0,3.18,31.746177813704808,29.6592179624047,5.600551950919279,2.662883078829692,-10.350394881049079
151,C03M101,CO2,Completion,Methanol,0.18,0.15,0.0,3.86,31.746177813704808,7.806059441392395,-9.226612062508156,-17.865875349421312,3.1523690396170534
152,C03M201,CO2,Extinction,Methanol,0.18,0.15,0.0,3.33,31.746177813704808,6.050705788618324,-9.226612062508156,-17.313038287322534,0.8441783247442083
153,C03M301,CO2,Extinction,Methanol,0.18,0.15,0.0,2.78,31.746177813704808,4.624336876017312,-9.226612062508156,-16.694137311013804,-1.201091564165536
154,C03H101,CO2,Extinction,Heptane,0.18,0.15,0.0,3.7,31.746177813704808,2.9005712676776136,5.600551950919279,-13.946080626290787,-20.500077870655687
155,C03H201,CO2,Extinction,Heptane,0.18,0.15,0.0,2.73,31.746177813704808,25.666159514686708,5.600551950919279,-16.215944555237463,4.535374305300087
156,C03H401,CO2,Completion,Heptane,0.18,0.15,0.0,1.34,31.746177813704808,92.01036371829991,5.600551950919279,-4.573949869128285,59.23758382280411
157,C05M101,CO2,Extinction,Methanol,0.16,0.25,0.0,4.24,31.746177813704808,2.6389115588658996,-9.226612062508156,-23.523181297521248,3.6425271051904953
158,C05M201,CO2,Extinction,Methanol,0.16,0.25,0.0,3.7,31.746177813704808,2.009847279868792,-9.226612062508156,-22.2832804797348,1.7735620084069386
159,C05M301,CO2,Extinction,Methanol,0.16,0.25,0.0,2.71,31.746177813704808,1.2154263199831268,-9.226612062508156,-20.206282115595663,-1.097857315617865
160,C05M401,CO2,Extinction,Methanol,0.16,0.25,0.0,2.77,31.746177813704808,1.25318041916465,-9.226612062508156,-20.322737469413504,-0.9436478626184968
161,C06M101,CO2,Extinction,Methanol,0.15,0.32,0.0,3.72,31.746177813704808,0.974308440036183,-9.226612062508156,-23.245338008836775,1.7000806976763059
162,C06M201,CO2,Extinction,Methanol,0.15,0.32,0.0,3.05,31.746177813704808,0.6914055188783329,-9.226612062508156,-21.64956719811829,-0.17859303420002948
163,C06M301,CO2,Extinction,Methanol,0.15,0.32,0.0,2.59,31.746177813704808,0.5460643507791946,-9.226612062508156,-20.665181044577253,-1.3083203558402035
164,C06M401,CO2,Extinction,Methanol,0.15,0.32,0.0,2.59,31.746177813704808,0.5460643507791946,-9.226612062508156,-20.665181044577253,-1.3083203558402035
165,C03H302,CO2,Extinction,Heptane,0.18,0.15,0.0,1.96,31.746177813704808,70.67012244789143,5.600551950919279,-6.918540344340805,40.24193302760815
166,C07M101,CO2,Extinction,Methanol,0.14,0.36,0.0,3.22,31.746177813704808,0.4035979231390334,-9.226612062508156,-22.37870338384457,0.2627355557869522
167,C07M201,CO2,Extinction,Methanol,0.14,0.36,0.0,2.32,31.746177813704808,0.25400139609234884,-9.226612062508156,-20.409189811463456,-1.8563745436408454
168,C15M101,CO2,Disruption,Methanol,0.21,0.15,0.0,3.03,31.746177813704808,18.626828137135167,-9.226612062508156,-3.503429953954665,-0.3893076601068195
169,C15M201,CO2,Extinction,Methanol,0.21,0.15,0.0,3.05,31.746177813704808,18.783818679089233,-9.226612062508156,-3.4732231785512813,-0.26252389355613737
170,C15M301,CO2,Extinction,Methanol,0.21,0.15,0.0,3.53,31.746177813704808,22.858073160221693,-9.226612062508156,-2.6575104369857137,2.996017846010755
171,C03H501,CO2,Extinction,Heptane,0.18,0.15,0.0,3.74,31.746177813704808,2.629440195390597,5.600551950919279,-13.740735906843085,-20.976553662390405
172,C03H601,CO2,Extinction,Heptane,0.18,0.15,0.0,2.4,31.746177813704808,44.2564531946331,5.600551950919279,-12.725013460750489,19.6347368907595
173,C03H701,CO2,Disruption,Heptane,0.18,0.15,0.0,1.35,31.746177813704808,91.82290404167792,5.600551950919279,-4.563323391223058,59.03949766827689
174,C08H502,CO2,Disruption,Heptane,0.24,0.2,0.0,2.5,31.746177813704808,89.74901737199941,5.600551950919279,31.818827035985507,20.583460571389836
175,C08H601,CO2,Disruption,Heptane,0.24,0.2,0.0,2.88,31.746177813704808,77.04501257085107,5.600551950919279,32.11396138315418,7.584321423072819
176,C08M501,CO2,Extinction,Methanol,0.24,0.2,0.0,4.53,31.746177813704808,62.93844305132068,-9.226612062508156,26.860639547252166,13.558237752871849
177,C08M601,CO2,Extinction,Methanol,0.24,0.2,0.0,3.02,31.746177813704808,43.78516702164766,-9.226612062508156,21.480269358014162,-0.21466808756314748
178,C09H501,CO2,Extinction,Heptane,0.23,0.25,0.0,3.32,31.746177813704808,36.194480275236735,5.600551950919279,13.168998313355013,-14.321247802742358
179,C09H601,CO2,Disruption,Heptane,0.23,0.25,0.0,2.07,31.746177813704808,93.00187774635502,5.600551950919279,20.713465566233978,34.94168241549693
180,C02H101,CO2,Extinction,Heptane,0.19,0.1,0.0,3.4,31.746177813704808,11.043768537428132,5.600551950919279,-8.665021763627838,-17.63793946356811
181,C02H201,CO2,Extinction,Heptane,0.19,0.1,0.0,2.48,31.746177813704808,55.84811830422057,5.600551950919279,-1.135539805270973,19.636928344867442
182,C02H202,CO2,Disruption,Heptane,0.19,0.1,0.0,1.64,31.746177813704808,91.32855778761791,5.600551950919279,3.0723239763637977,50.909504046630026
183,C09M501,CO2,Extinction,Methanol,0.23,0.25,0.0,3.72,31.746177813704808,36.44372675637382,-9.226612062508156,8.569874060682308,5.354286944494868
184,C09M502,CO2,Extinction,Methanol,0.23,0.25,0.0,3.42,31.746177813704808,32.93742783122456,-9.226612062508156,7.6229093393691265,2.7949527406587755
185,C09M601,CO2,Extinction,Methanol,0.23,0.25,0.0,2.8,31.746177813704808,26.287852594337245,-9.226612062508156,5.817563436507257,-2.0492765933666632
186,C09M701,CO2,Extinction,Methanol,0.23,0.25,0.0,2.47,31.746177813704808,23.12250568687674,-9.226612062508156,4.9608625966247555,-4.357922660944661
187,C02M101,CO2,Extinction,Methanol,0.19,0.1,0.0,3.38,31.746177813704808,11.413736354784595,-9.226612062508156,-12.468550116931484,1.3627207205194267
188,C02M201,CO2,Extinction,Methanol,0.19,0.1,0.0,2.47,31.746177813704808,7.454369072013309,-9.226612062508156,-12.306886443364899,-2.758310235818444
189,C03M501,CO2,Extinction,Methanol,0.18,0.15,0.0,3.77,31.746177813704808,7.478200130928229,-9.226612062508156,-17.777154414680787,2.7357887944123633
190,C03M601,CO2,Extinction,Methanol,0.18,0.15,0.0,2.74,31.746177813704808,4.534117469698894,-9.226612062508156,-16.648600895641103,-1.3368473858566525
191,C03M701,CO2,Extinction,Methanol,0.18,0.15,0.0,1.76,31.746177813704808,2.7840860343376175,-9.226612062508156,-15.563966286852999,-4.171513430006034
192,C04M101,CO2,Extinction,Methanol,0.17,0.2,0.0,3.46,31.746177813704808,3.4122326515052146,-9.226612062508156,-20.24935529390143,1.1420221942099913
193,C04M201,CO2,Extinction,Methanol,0.17,0.2,0.0,2.77,31.746177813704808,2.414436827266855,-9.226612062508156,-19.05554625130106,-1.049582672628739
194,C04H101,CO2,Extinction,Heptane,0.17,0.2,0.0,3.76,31.746177813704808,1.2998641708542455,5.600551950919279,-17.80554073240714,-18.2413248613627
195,C04H201,CO2,Extinction,Heptane,0.17,0.2,0.0,2.9,31.746177813704808,10.340639866199087,5.600551950919279,-24.504535762979074,-2.501554135445925
196,C01H501,CO2,Extinction,Heptane,0.2,0.05,0.0,3.06,31.746177813704808,36.336160515963165,5.600551950919279,4.1414500221819495,-5.152019270842871
197,C01H601,CO2,Extinction,Heptane,0.2,0.05,0.0,3.04,31.746177813704808,37.51136479617772,5.600551950919279,4.407569468473753,-4.242934436920123
198,C01H701,CO2,Disruption,Heptane,0.2,0.05,0.0,2.12,31.746177813704808,85.94751611348079,5.600551950919279,12.766896631399248,35.83388971745744
199,C01M501,CO2,Extinction,Methanol,0.2,0.05,0.0,3.37,31.746177813704808,19.993347435325923,-9.226612062508156,-4.314745780991434,1.7885274651207013
200,C01M602,CO2,Extinction,Methanol,0.2,0.05,0.0,2.57,31.746177813704808,14.189118591544647,-9.226612062508156,-5.315306951790989,-3.0151402078610143
201,C01M603,CO2,Extinction,Methanol,0.2,0.05,0.0,2.4,31.746177813704808,13.153840532302391,-9.226612062508156,-5.472440203270324,-3.8932850156239347
202,N01M101,N2,Extinction,Methanol,0.21,0.0,0.0,3.3,31.746177813704808,31.968208770819974,-9.226612062508156,7.626307523181536,1.8223354964417862
203,N01M201,N2,Extinction,Methanol,0.21,0.0,0.0,2.75,31.746177813704808,26.131531856811936,-9.226612062508156,6.031377993840211,-2.4194118882249267
204,N01H101,N2,Disruption,Heptane,0.21,0.0,0.0,3.56,31.746177813704808,23.962133464170396,5.600551950919279,10.07204973399649,-23.456646034450188
205,N01H102,N2,Disruption,Heptane,0.21,0.0,0.0,3.58,31.746177813704808,23.054804737925178,5.600551950919279,9.825286401829873,-24.117211428528783
206,N01H201,N2,Disruption,Heptane,0.21,0.0,0.0,2.96,31.746177813704808,58.88275348994485,5.600551950919279,19.17137746576881,2.36464625955195
207,N01H202,N2,Completion,Heptane,0.21,0.0,0.0,2.72,31.746177813704808,72.40561362573631,5.600551950919279,21.810353449228636,13.248530411883586
208,N01H301,N2,Completion,Heptane,0.21,0.0,0.0,2.92,31.746177813704808,61.302502445747976,5.600551950919279,19.71030493899081,4.245467742133087
209,N02H101,N2,Extinction,Heptane,0.16,0.0,0.0,3.34,31.746177813704808,4.873797265521154,5.600551950919279,-18.986719861781893,-13.486212637321039
211,N02H203,N2,Extinction,Heptane,0.16,0.0,0.0,2.52,31.746177813704808,28.8564617993932,5.600551950919279,-20.39290096774513,11.90263300251424
212,N03H101,N2,Extinction,Heptane,0.15,0.0,0.0,2.55,31.746177813704808,18.963371254201466,5.600551950919279,-27.095836312141387,8.71247780171877
213,N04H101,N2,Extinction,Heptane,0.14,0.0,0.0,4.16,31.746177813704808,0.24999991564481008,5.600551950919279,-18.518658554023016,-18.57807129495626
214,N04H201,N2,Extinction,Heptane,0.14,0.0,0.0,1.83,31.746177813704808,47.250978783840274,5.600551950919279,-26.872778511006434,36.77702753022261
215,N04M101,N2,Extinction,Methanol,0.14,0.0,0.0,3.5,31.746177813704808,1.8481674758239457,-9.226612062508156,-21.810513126231825,1.1391148508591202
216,N04M201,N2,Extinction,Methanol,0.14,0.0,0.0,2.67,31.746177813704808,1.2119245689441072,-9.226612062508156,-20.10574064019026,-1.2019005420622868
217,N05M101,N2,Extinction,Methanol,0.13,0.0,0.0,3.46,31.746177813704808,1.1347992361170196,-9.226612062508156,-22.345512614428124,0.9607460993484935
218,N05M201,N2,Extinction,Methanol,0.13,0.0,0.0,2.75,31.746177813704808,0.7893398513871712,-9.226612062508156,-20.780212293871486,-0.9500136059379938
219,N06M101,N2,Extinction,Methanol,0.12,0.0,0.0,2.6,31.746177813704808,0.45613430876564637,-9.226612062508156,-20.79225179588751,-1.2711796465434995
220,N06M201,N2,Extinction,Methanol,0.12,0.0,0.0,1.94,31.746177813704808,0.3248660445518521,-9.226612062508156,-19.531981161738457,-2.6627185449063417
221,N06M202,N2,Extinction,Methanol,0.12,0.0,0.0,1.84,31.746177813704808,0.3085723538713355,-9.226612062508156,-19.358622164948414,-2.8523712323769015
222,H01M102,He,Extinction,Methanol,0.2,0.0,0.05,2.91,31.746177813704808,15.443993614504178,-9.226612062508156,-5.985822774593331,-1.0897493620991447
224,H01H102,He,Completion,Heptane,0.2,0.0,0.05,2.25,31.746177813704808,80.32764249393878,5.600551950919279,11.555057584691522,31.42585514462319
225,H02M101,He,Extinction,Methanol,0.19,0.0,0.1,2.78,31.746177813704808,7.509461229590323,-9.226612062508156,-13.597976171942824,-1.4121283496635044
226,H03M101,He,Extinction,Methanol,0.18,0.0,0.15,2.79,31.746177813704808,3.7347616674892983,-9.226612062508156,-17.688160707406528,-1.0966433763008248
227,H03M201,He,Extinction,Methanol,0.18,0.0,0.15,2.95,31.746177813704808,4.043317973452773,-9.226612062508156,-17.905802900905222,-0.5704448768386552
228,N01H401,N2,Extinction,Heptane,0.21,0.0,0.0,3.32,31.746177813704808,36.60486992043853,5.600551950919279,13.518566011497816,-14.260425855683371
229,N01H502,N2,Disruption,Heptane,0.21,0.0,0.0,2.39,31.746177813704808,85.78204295794616,5.600551950919279,22.69490462193537,25.74040857138672
230,N01H601,N2,Extinction,Heptane,0.21,0.0,0.0,3.65,31.746177813704808,20.071393381962462,5.600551950919279,9.01846748291196,-26.293803865573572
231,H02H101,He,Disruption,Heptane,0.19,0.0,0.1,2.59,31.746177813704808,45.150119424002085,5.600551950919279,-5.613175609090126,13.416565268468132
232,H03H101,He,Extinction,Heptane,0.18,0.0,0.15,3.52,31.746177813704808,3.609774712962327,5.600551950919279,-16.67867439137678,-17.05828066028498
233,H03H201,He,Completion,Heptane,0.18,0.0,0.15,2.3,31.746177813704808,44.8547183268638,5.600551950919279,-15.47693719427333,22.98492575651304
234,H03H202,He,Completion,Heptane,0.18,0.0,0.15,2.27,31.746177813704808,46.73344579970252,5.600551950919279,-15.054117842765685,24.440833877844113
235,H04H101,He,Extinction,Heptane,0.17,0.0,0.2,2.85,31.746177813704808,8.803189371360252,5.600551950919279,-27.47051535902834,-1.073025034235493
236,H04H201,He,Extinction,Heptane,0.17,0.0,0.2,2.12,31.746177813704808,37.847599649599566,5.600551950919279,-25.630246838102135,26.131116723077614
238,H04H303,He,Completion,Heptane,0.17,0.0,0.2,1.61,31.746177813704808,68.79974490323627,5.600551950919279,-17.89052525218051,49.3435403907927
239,H04M101,He,Extinction,Methanol,0.17,0.0,0.2,2.99,31.746177813704808,2.0039128471371543,-9.226612062508156,-20.140328701629,-0.37532420243049924
240,H04M202,He,Extinction,Methanol,0.17,0.0,0.2,2.9,31.746177813704808,1.914686233726983,-9.226612062508156,-19.972160609614683,-0.6327189078549866
241,H05M102,He,Extinction,Methanol,0.16,0.0,0.25,3.4,31.746177813704808,1.1869691336327024,-9.226612062508156,-22.125025863712025,0.7924292461480748
243,H05H103,He,Extinction,Heptane,0.16,0.0,0.25,1.49,31.746177813704808,58.65949214328112,5.600551950919279,-27.081218346015234,48.39398072467227
244,H06M102,He,Extinction,Methanol,0.15,0.0,0.3,3.67,31.746177813704808,0.6521584701286076,-9.226612062508156,-23.381149746176963,1.5137424651089184
245,H06M201,He,Extinction,Methanol,0.15,0.0,0.3,2.52,31.746177813704808,0.3612539199026677,-9.226612062508156,-20.718761283555875,-1.439550547738109
246,H07M101,He,Extinction,Methanol,0.14,0.0,0.35,2.44,31.746177813704808,0.16510952484407418,-9.226612062508156,-20.77587517441828,-1.5785810519342953
247,H07M202,He,Extinction,Methanol,0.14,0.0,0.35,1.88,31.746177813704808,0.1237114015986975,-9.226612062508156,-19.703422531854866,-2.6924318177430875
248,H08M101,He,Extinction,Methanol,0.13,0.0,0.4,3.56,31.746177813704808,0.13996083236273185,-9.226612062508156,-23.528974218476947,1.1493692996430278
249,H10H101,He,Extinction,Heptane,0.24,0.0,0.2,3.78,31.746177813704808,20.35767522092162,5.600551950919279,13.078759638632965,-30.067814182335425
250,H11H101,He,Completion,Heptane,0.23,0.0,0.25,2.8,31.746177813704808,59.02347314150405,5.600551950919279,13.281436991598781,8.395306385281174
251,H10M101,He,Extinction,Methanol,0.24,0.0,0.2,2.82,31.746177813704808,34.13571740972974,-9.226612062508156,13.581723271569363,-1.9655716130362713
252,H10M102,He,Disruption,Methanol,0.24,0.0,0.2,2.79,31.746177813704808,33.78840186861078,-9.226612062508156,13.476766491859538,-2.2079303744454126
253,H11M101,He,Extinction,Methanol,0.23,0.0,0.25,2.45,31.746177813704808,16.911832288868993,-9.226612062508156,-1.6043483012456452,-4.003385161082013
254,H11M102,He,Disruption,Methanol,0.23,0.0,0.25,2.61,31.746177813704808,18.104303911927737,-9.226612062508156,-1.3512076217775792,-3.0640542174913428
255,H12M101,He,Extinction,Methanol,0.21,0.0,0.3,3.22,31.746177813704808,8.223278199224108,-9.226612062508156,-14.775819684470209,0.4795321324976656
256,H12M102,He,Extinction,Methanol,0.21,0.0,0.3,3.25,31.746177813704808,8.340910643521939,-9.226612062508156,-14.79250083603608,0.6138457283613721
257,H12M201,He,Extinction,Methanol,0.21,0.0,0.3,2.67,31.746177813704808,6.319204245179347,-9.226612062508156,-14.427642102212918,-1.7727194038043863
258,H12H101,He,Extinction,Heptane,0.21,0.0,0.3,3.23,31.746177813704808,12.586942329132594,5.600551950919279,-12.127130829578052,-12.632656605913438
259,H12H201,He,Extinction,Heptane,0.21,0.0,0.3,2.86,31.746177813704808,26.807189262679508,5.600551950919279,-10.938877933166586,0.3993374312220066
260,H13H101,He,Extinction,Heptane,0.2,0.0,0.35,3.69,31.746177813704808,2.099470940891998,5.600551950919279,-16.445150589633613,-18.802108234098476
261,H13H201,He,Extinction,Heptane,0.2,0.0,0.35,3.08,31.746177813704808,9.086174959863948,5.600551950919279,-20.615831369083114,-7.644723435677025
262,H13M102,He,Extinction,Methanol,0.2,0.0,0.35,3.87,31.746177813704808,5.622627864799541,-9.226612062508156,-19.76479029243266,2.8678524060355493
263,H13M201,He,Extinction,Methanol,0.2,0.0,0.35,2.95,31.746177813704808,3.5729110568983162,-9.226612062508156,-18.3934540337036,-0.5532006605947359
264,H14M101,He,Extinction,Methanol,0.18,0.0,0.4,3.5,31.746177813704808,1.435112972290298,-9.226612062508156,-22.18710421774763,1.1026514388412765
265,H14M201,He,Extinction,Methanol,0.18,0.0,0.4,2.7,31.746177813704808,0.9542308070879998,-9.226612062508156,-20.471442218552085,-1.093892725556569
266,H14M202,He,Extinction,Methanol,0.18,0.0,0.4,1.84,31.746177813704808,0.6142487695901773,-9.226612062508156,-18.913241551506474,-2.992075430100003
267,H14H101,He,Extinction,Heptane,0.18,0.0,0.4,2.27,31.746177813704808,18.582060693785035,5.600551950919279,-34.90444338200253,16.139774311163478
268,H14H201,He,Extinction,Heptane,0.18,0.0,0.4,1.86,31.746177813704808,39.10463113620858,5.600551950919279,-31.34725265782857,33.10515402941305
269,H15H101,He,Extinction,Heptane,0.17,0.0,0.45,2.22,31.746177813704808,10.959494692412894,5.600551950919279,-41.49099186071494,15.103756788503752
270,H15H201,He,Completion,Heptane,0.17,0.0,0.45,1.61,31.746177813704808,36.45252141967089,5.600551950919279,-38.16586069338966,37.271652348436476
271,H15M102,He,Extinction,Methanol,0.17,0.0,0.45,2.79,31.746177813704808,0.47748027501028945,-9.226612062508156,-21.220608838826482,-0.8214766373598796
272,H15M201,He,Extinction,Methanol,0.17,0.0,0.45,2.68,31.746177813704808,0.4512422883380491,-9.226612062508156,-20.985910129783225,-1.0824133330753791
273,H19H101,He,Extinction,Heptane,0.21,0.0,0.15,3.54,31.746177813704808,12.873116446551203,5.600551950919279,-2.177629139421936,-22.295984178650947
274,H19H201,He,Extinction,Heptane,0.21,0.0,0.15,2.82,31.746177813704808,47.61252517077116,5.600551950919279,4.66249623224628,5.6032991739007905
