test_id,flex_identifier,diluent,outcome_raw,fuel,x_o2,x_co2,x_he,d0_mm,base,fire_risk,phi: fuel,phi: O₂,phi: CO₂,phi: He,phi: droplet size
1,20CAL08,N2,Disruption,Methanol,0.21,0.0,0.0,1.69,31.746177813704808,16.990288634901134,-21.22908975986974,-1.5140991791014509,4.253515806333717,2.5264642946617855,1.2073196591720134
2,20CAL10,N2,Extinction,Methanol,0.21,0.0,0.0,1.86,31.746177813704808,18.264014982009183,-20.494681748370944,-1.2134945805425228,4.396363889319026,2.627068810523257,1.2025807973755627
3,20CAL12,N2,Extinction,Methanol,0.21,0.0,0.0,1.61,31.746177813704808,16.415779626747515,-21.52426458461977,-1.6483722894047999,4.190271348993618,2.4811229235929106,1.1708444144807468
4,30CAL02,N2,Extinction,Methanol,0.21,0.0,0.0,2.06,31.746177813704808,19.855955790208174,-19.408764048727726,-0.8508757031944048,4.577546696791871,2.7491152310243585,1.0427558006092639
5,30CAL03,N2,Extinction,Methanol,0.21,0.0,0.0,1.92,31.746177813704808,18.73092578888183,-20.196239470164848,-1.1045403058620118,4.449364993051757,2.66351367047177,1.172649087680357
6,40CAL01,N2,Extinction,Methanol,0.21,0.0,0.0,2.54,31.746177813704808,24.093770818148517,-15.524223167320606,-0.13236235108624347,5.03446605423955,3.0154072700725845,-0.04569480146157745
7,20CAL13,N2,Disruption,Heptane,0.21,0.0,0.0,1.87,31.746177813704808,95.72759980789817,24.281178418071697,6.042594655563039,4.202489096558776,3.177272437853287,26.277887386146567
8,30CAL06,N2,Disruption,Heptane,0.21,0.0,0.0,2.95,31.746177813704808,59.492229038203526,11.072755123236032,5.610812008955881,6.313647247433909,4.190909665201065,0.5579271796718246
19,196F001,N2,Disruption,Heptane,0.34,0.0,0.0,3.39,31.746177813704808,99.56814102512719,1.9239933286547957,66.89318731573502,2.425393702703773,1.628844466947286,-5.04945560261849
20,192F001,N2,Completion,Methanol,0.34,0.0,0.0,3.4,31.746177813704808,99.57758749305333,-3.1361359664034802,69.45823479589077,2.4117889139052235,1.4832616603218658,-2.385739724365882
21,192F002,N2,Disruption,Methanol,0.34,0.0,0.0,3.49,31.746177813704808,99.59668572878509,-2.8762810746275,69.42092794418079,2.40988477116116,1.478583463557667,-2.58260718919181
22,192F003,N2,Disruption,Methanol,0.34,0.0,0.0,3.5,31.746177813704808,99.59875394207242,-2.8480025535337266,69.41545741515603,2.409601139846672,1.4781521067844865,-2.6026319798858664
23,196F002,N2,Disruption,Heptane,0.34,0.0,0.0,3.01,31.746177813704808,99.83400183121874,3.2747774375681136,62.027398021229686,2.450199791433939,1.7090025977043088,-1.373553830422136
25,191R001,N2,Completion,Methanol,0.3,0.0,0.0,2.6,31.746177813704808,95.90039544892271,-6.377315101390004,64.60604575408438,3.378871967362624,2.3952890118674515,0.15132600329345353
26,191F001,N2,Disruption,Methanol,0.3,0.0,0.0,3.63,31.746177813704808,97.54959095816827,-2.2379254418916,65.16846025492917,3.2115128820849095,2.196507339021484,-2.535141889680494
27,195F001,N2,Disruption,Heptane,0.3,0.0,0.0,3.87,31.746177813704808,91.14981763978206,-0.8348629062099195,64.40343275976721,3.900924928759827,2.777819110955285,-10.84367406719515
28,195F002,N2,Disruption,Heptane,0.3,0.0,0.0,3.36,31.746177813704808,97.38870019062573,2.0994037464844304,62.65117525901052,3.2339397081902637,2.254791538858068,-4.596787875622339
29,178R001,N2,Completion,Methanol,0.3,0.0,0.0,2.57,31.746177813704808,95.83907699595954,-6.486874017400107,64.55852116892547,3.3847979728951447,2.4027106240647145,0.23374343376955048
30,178F001,N2,Extinction,Methanol,0.3,0.0,0.0,3.26,31.746177813704808,97.0491142188906,-3.8074298610043447,65.33214336156696,3.2600816299001867,2.2404163529326437,-1.7222750782096727
31,182F001,N2,Disruption,Heptane,0.3,0.0,0.0,3.39,31.746177813704808,97.18913925933767,1.948187023830328,62.90474813504229,3.258696047625635,2.2736347224563844,-4.942304483321744
32,182F002,N2,Completion,Heptane,0.3,0.0,0.0,3.07,31.746177813704808,98.72648116948378,3.510172907600294,59.51569547049145,3.061939139861926,2.1461839146814876,-1.253688076856161
33,177R002,N2,Extinction,Methanol,0.21,0.0,0.0,2.62,31.746177813704808,24.85707787993236,-14.677150736776266,-0.05451294540736934,5.106112203647994,3.0503387815669,-0.31388723680371
34,177F001,N2,Extinction,Methanol,0.21,0.0,0.0,3.89,31.746177813704808,38.92002913199272,-0.48603956386268754,1.014973386570789,5.6916959226055805,3.295720190351899,-2.342498617377675
35,181F001,N2,Extinction,Heptane,0.21,0.0,0.0,3.85,31.746177813704808,13.16481706578407,-1.7548995013794888,-0.8274449923227241,4.34888446059465,2.7397107695068583,-23.08761148432004
36,190R002,N2,Extinction,Methanol,0.2,0.0,0.0,2.4,31.746177813704808,15.523137668537029,-16.773621167082524,-7.212772986495026,4.27593432699767,2.596974348111824,0.8904453333002804
37,220R001,N2,Disruption,Methanol,0.34,0.0,0.0,3.31,31.746177813704808,99.55758891126946,-3.4055701114957784,69.47513151167716,2.4124885597084056,1.4892186640984622,-2.159857526423589
38,220R002,N2,Disruption,Methanol,0.34,0.0,0.0,3.59,31.746177813704808,99.6168988759917,-2.5986595717412575,69.3538164022606,2.406474433654147,1.47514519610373,-2.76605539799034
39,224F001,N2,Disruption,Heptane,0.34,0.0,0.0,2.91,31.746177813704808,99.87097139459391,3.6556922400297966,60.589962422013784,2.4539368668986445,1.7359103312347333,-0.3107082792878864
40,219R001,N2,Disruption,Methanol,0.3,0.0,0.0,3.77,31.746177813704808,97.71652872956692,-1.5772293617383548,64.93920439094823,3.198512066297911,2.191796374402359,-2.781932554048031
41,219F001,N2,Disruption,Methanol,0.3,0.0,0.0,3.35,31.746177813704808,97.17929225818085,-3.439358371301928,65.34461392309655,3.2469047662554633,2.2255594352271073,-1.9446053088011588
42,223F001,N2,Disruption,Heptane,0.3,0.0,0.0,2.92,31.746177813704808,99.12424130610181,4.21922343838618,57.53832174413272,3.0095463065358157,2.130465844822324,0.48050615851995687
43,223F002,N2,Disruption,Heptane,0.3,0.0,0.0,2.97,31.746177813704808,99.00765564800223,3.983919876432863,58.21612354112754,3.0248982709927867,2.1334882054586926,-0.09695205971445087
44,206F001,N2,Disruption,Methanol,0.3,0.0,0.0,3.49,31.746177813704808,97.37077724161499,-2.852712481075855,65.30033109249986,3.227991602312152,2.207662681428717,-2.2586734672546718
45,206R001,N2,Extinction,Methanol,0.3,0.0,0.0,2.42,31.746177813704808,95.51910523462865,-7.019726699005451,64.31590542076596,3.414032516061426,2.438240100393644,0.6244760827082869
46,205R001,N2,Disruption,Methanol,0.21,0.0,0.0,2.78,31.746177813704808,26.431560703347856,-12.823387866538104,0.06008578207747456,5.237830716604114,3.1084757054261876,-0.8976214479266245
47,209F001,N2,Completion,Heptane,0.21,0.0,0.0,3.36,31.746177813704808,34.29600387921327,4.263240889074755,1.8253443794791997,5.593550364295969,3.5304177571152207,-12.662727324456664
48,205F001,N2,Disruption,Methanol,0.21,0.0,0.0,3.66,31.746177813704808,36.13750365236479,-2.310250003834775,0.6285801310736996,5.630265559017978,3.249766025481897,-2.8070358730788154
49,209F003,N2,Extinction,Heptane,0.21,0.0,0.0,3.46,31.746177813704808,28.854855955249498,2.7923545430489316,1.0371420597939423,5.324808291548713,3.3422101187497106,-15.387836871596608
50,209F004,N2,Extinction,Heptane,0.21,0.0,0.0,3.57,31.746177813704808,23.50543655223259,1.3145418149662644,0.3115005662354514,5.026219068394909,3.1459179196164633,-18.038920630685304
51,209F005,N2,Completion,Heptane,0.21,0.0,0.0,2.41,31.746177813704808,85.15539639453287,19.14864724899298,7.988779456827084,5.5799909555212235,4.071525685119394,16.62027523436737
52,210F002,N2,Disruption,Heptane,0.3,0.0,0.0,3.53,31.746177813704808,96.04535693250351,1.2193234450804937,63.868314391653236,3.3959474397231624,2.382907420276374,-6.567313577934589
54,190F003,N2,Extinction,Methanol,0.2,0.0,0.0,3.56,31.746177813704808,25.06114915949471,-3.578422021038888,-7.383336606333579,4.8230478694270715,2.771250908679273,-3.317568804943972
55,218F001,N2,Disruption,Methanol,0.2,0.0,0.0,3.37,31.746177813704808,23.264573851154548,-5.302527004313152,-7.53531832034947,4.765125554272945,2.7484905601319864,-3.15737475229257
56,194F001,N2,Completion,Heptane,0.2,0.0,0.0,3.56,31.746177813704808,16.39551696166137,1.8656307400627754,-6.768123503201027,4.403550087959918,2.8108069527467023,-17.66252512961181
57,303F001,N2,Extinction,Heptane,0.2,0.0,0.0,3.1,31.746177813704808,38.49831750355203,7.955533024129854,-4.4782920039881535,5.56554002453456,3.626329420019047,-5.916970774848084
58,176F001,N2,Extinction,Methanol,0.18,0.0,0.0,3.69,31.746177813704808,12.164832848827592,-3.223455320169613,-18.217156063413196,3.578983543200838,2.0872831381027432,-3.8070002625979815
59,176R001,N2,Extinction,Methanol,0.18,0.0,0.0,2.93,31.746177813704808,8.554975227716138,-8.65879416363953,-18.15716839513977,3.446936254978956,2.074898510717871,-1.897074792906194
60,204F001,N2,Extinction,Methanol,0.18,0.0,0.0,3.43,31.746177813704808,10.802024214795782,-4.587691250615371,-18.310330841781013,3.5231450329164424,2.062705911526919,-3.6319824509560052
61,204R001,N2,Extinction,Methanol,0.18,0.0,0.0,3.68,31.746177813704808,12.10978447368633,-3.268569096057945,-18.221389026669215,3.5766627410828478,2.0859405227669616,-3.809038481141131
62,301F001,N2,Extinction,Heptane,0.18,0.0,0.0,3.43,31.746177813704808,9.537124061168349,3.168146017825299,-17.51673320735497,3.5910269642580124,2.404125170880643,-13.85561869814544
63,301F002,N2,Completion,Heptane,0.18,0.0,0.0,2.15,31.746177813704808,72.70798765508817,20.161255404469465,-11.46643060909533,5.493330183128277,4.065588702095767,22.708066160785176
64,302F001,N2,Extinction,Heptane,0.18,0.0,0.0,2.69,31.746177813704808,40.54921688615067,11.793783302624314,-16.47437876042505,5.237401883000606,3.6106527324439637,4.635579914802026
65,189R001,N2,Extinction,Methanol,0.15,0.0,0.0,3.37,31.746177813704808,2.751577218102663,-4.2332197223001,-25.720898464469016,2.629690057247838,1.5825290436368837,-3.2527015097177516
66,189F001,N2,Extinction,Methanol,0.15,0.0,0.0,2.52,31.746177813704808,1.7918075077940723,-9.227365505240094,-25.332876020750582,2.595372800171182,1.6502275056487905,0.3602709142599587
67,189F002,N2,Extinction,Methanol,0.15,0.0,0.0,3.97,31.746177813704808,3.713424903647275,-2.4937817128122544,-26.03259952337499,2.6616717289137912,1.601468627633263,-3.76951203041735
68,189R003,N2,Extinction,Methanol,0.15,0.0,0.0,2.38,31.746177813704808,1.6689703007379721,-10.484733036459264,-25.064873956189267,2.5975459280928637,1.665494507282364,1.2093590443064652
69,193R002,N2,Completion,Heptane,0.14,0.0,0.0,1.1,31.746177813704808,84.96440627522747,25.563256465587834,-21.68253288197824,3.9958569116157117,3.1325128826152433,42.20913508368214
70,193F001,N2,Extinction,Heptane,0.15,0.0,0.0,4.67,31.746177813704808,0.11109537289323661,-0.565139824271154,-19.394383742821546,2.1698889359779816,1.6192486242045085,-15.464696433901361
71,189R002,N2,Extinction,Methanol,0.15,0.0,0.0,2.25,31.746177813704808,1.5623398860319333,-11.768893004129257,-24.732695800700238,2.5977796856973385,1.6772729752760331,2.042698216183247
72,193R001,N2,Completion,Heptane,0.15,0.0,0.0,1.13,31.746177813704808,89.38277973010098,26.62694812287203,-18.350344017071038,3.6975204470667222,2.979058077190251,42.68341928633821
73,193F001,N2,Extinction,Heptane,0.15,0.0,0.0,4.64,31.746177813704808,0.11982059184189274,-0.5120763051064954,-19.477639393271005,2.173937475726136,1.6198808010991836,-15.430459800310734
74,221F001,N2,Completion,Heptane,0.15,0.0,0.0,1.33,31.746177813704808,83.55969113312001,24.93188656883735,-20.064987735529122,4.270760427230778,3.3427841321741223,39.333069926702095
75,203R002,N2,Extinction,Methanol,0.13,0.0,0.0,2.54,31.746177813704808,0.7088232091547678,-7.398240601939035,-27.72208545833164,2.366039730427455,1.498696240435808,0.21823548485737498
76,203F001,N2,Extinction,Methanol,0.13,0.0,0.0,3.21,31.746177813704808,0.9987812630526752,-4.368402715152146,-27.736991028165114,2.4075177973860247,1.4566914314276564,-2.5062120361485563
77,175R001,N2,Extinction,Methanol,0.14,0.0,0.0,3.33,31.746177813704808,1.6955284555067625,-4.155826522883682,-26.9025605731293,2.499237419801322,1.5068678027533333,-2.9983674847397204
78,175F001,N2,Extinction,Methanol,0.14,0.0,0.0,2.66,31.746177813704808,1.2057599669306207,-7.3276701480424205,-26.827877489769307,2.4623129673643813,1.5517948635974015,-0.3989780399242394
79,179F001,N2,Extinction,Heptane,0.13,0.0,0.0,2.92,31.746177813704808,3.440260439070114,4.3718174028606835,-34.78230478810643,2.7354087210746725,1.9675720848736715,-2.5984107953373012
82,304F001,N2,Extinction,Methanol,0.13,0.0,0.0,2.84,31.746177813704808,0.8265659429239649,-5.871992890790571,-27.773416801443943,2.3826519600924474,1.4791231247253758,-1.1359772633641552
84,304R001,N2,Extinction,Methanol,0.12,0.0,0.0,2.35,31.746177813704808,0.4011316267870925,-7.856476250400261,-28.345730777615785,2.2870068175510845,1.4572732449614867,1.1128807785857573
85,304R002,N2,Extinction,Methanol,0.12,0.0,0.0,2.4,31.746177813704808,0.411576439491975,-7.588635125660135,-28.375556666592114,2.2905629704133683,1.4561961801902563,0.8828312674357887
86,305F002,N2,Extinction,Methanol,0.12,0.0,0.0,3.07,31.746177813704808,0.5806509454571882,-4.66999268044058,-28.35165024475552,2.341653240120723,1.4239803347319504,-1.9095175179041952
87,305F003,N2,Extinction,Methanol,0.12,0.0,0.0,2.64,31.746177813704808,0.465606174696427,-6.41937999907047,-28.428464355264776,2.3087316757279956,1.4477049806914142,-0.18916394109254597
88,053R001,CO2,Disruption,Methanol,0.25,0.15,0.0,3.01,31.746177813704808,60.1702395954597,-8.446765244592804,36.165105896203045,-2.5270551340943186,4.119128670739151,-0.8863524065001698
89,053F001,CO2,Disruption,Methanol,0.25,0.15,0.0,3.7,31.746177813704808,68.32486361899574,-0.5041895448410427,36.99197671290061,-2.374820234382491,4.1337657233761975,-1.6680468517623486
90,141R001,CO2,Disruption,Methanol,0.25,0.15,0.0,3.62,31.746177813704808,67.4244494345253,-1.4729825362787423,37.013727820508834,-2.396702533508191,4.145992073656269,-1.611763203557659
91,141F001,CO2,Disruption,Methanol,0.25,0.15,0.0,3.51,31.746177813704808,66.16517444602825,-2.8205315879998523,37.00749772666912,-2.4231611225013983,4.157308020010648,-1.5021164038550703
92,061F002,CO2,Disruption,Heptane,0.25,0.15,0.0,3.41,31.746177813704808,63.209324962017334,2.583634937449139,36.41810943929737,-2.4202778538749854,4.127908836599534,-9.246228211158545
93,149F001,CO2,Disruption,Heptane,0.25,0.15,0.0,2.48,31.746177813704808,94.7235899785462,14.017634577229384,35.653958991748524,-1.6865553489808705,3.410176959847307,11.582196984997069
94,C08H101,CO2,Extinction,Heptane,0.24,0.2,0.0,3.53,31.746177813704808,39.43223802531335,1.0003971403565777,23.940617847686543,-5.958137557977162,3.728161344138563,-15.024978562595969
95,C08H201,CO2,Extinction,Heptane,0.24,0.2,0.0,3.6,31.746177813704808,35.301830856747046,-0.09895764069817226,22.943723063097735,-5.913911911475501,3.6112597953933454,-16.986460263275184
97,C08M101,CO2,Completion,Methanol,0.23,0.2,0.0,4.25,31.746177813704808,47.769189037088935,2.4824665154168386,16.43126994932145,-5.826462434445823,3.598084643150756,-0.6623474500590949
98,C09M201,CO2,Extinction,Methanol,0.23,0.25,0.0,3.64,31.746177813704808,35.49267621663469,-2.199222163595394,14.169681929131094,-9.027134621075795,3.3463696730429686,-2.5431964145729977
99,C09M101,CO2,Extinction,Methanol,0.23,0.25,0.0,4.28,31.746177813704808,43.362306070297294,2.1855189293523467,15.377315042170812,-8.734878460452572,3.457124436325257,-0.668951690803365
100,C09H101,CO2,Extinction,Heptane,0.23,0.25,0.0,4.14,31.746177813704808,6.686347778325032,-4.595809761161683,9.40788763936643,-6.290424329562841,2.499229636340821,-26.080713220362505
101,C09H201,CO2,Extinction,Heptane,0.23,0.25,0.0,3.88,31.746177813704808,12.133108100328815,-2.465817793729661,10.517285145282349,-7.243535735639299,2.751685535665338,-23.172686864954727
102,C10H101,CO2,Extinction,Heptane,0.21,0.3,0.0,3.57,31.746177813704808,8.789126006941048,2.0832416552212676,-2.198309062494316,-8.70492277865741,2.4576277279622816,-16.594689348795583
103,C10H201,CO2,Extinction,Heptane,0.21,0.3,0.0,4.0,31.746177813704808,3.153530877014709,-0.5400518333107016,-2.391057593207025,-7.010873168256399,2.136826472060972,-20.78749081397695
104,C08M201,CO2,Extinction,Methanol,0.23,0.2,0.0,3.6,31.746177813704808,39.53634846709184,-2.4639351130351135,15.294608761047524,-6.128221821541178,3.505036054487448,-2.4173172275716484
105,C08M301,CO2,Disruption,Methanol,0.23,0.2,0.0,4.17,31.746177813704808,46.73993796913156,2.0495633085059426,16.247081409320383,-5.862481277368055,3.5831211604502764,-1.0235244454817938
106,C09M401,CO2,Disruption,Methanol,0.23,0.25,0.0,3.08,31.746177813704808,29.18275551429244,-8.702043921869755,13.631886423241642,-9.02093029205113,3.2712145256938903,-1.74354903442701
107,C08M401,CO2,Disruption,Methanol,0.23,0.2,0.0,3.18,31.746177813704808,34.48790609458772,-7.509422498855905,14.884698209269274,-6.18245525546562,3.4529153088076026,-1.9040074828724358
108,C09M301,CO2,Completion,Methanol,0.23,0.25,0.0,3.75,31.746177813704808,36.803165351570556,-1.2087802560580432,14.314772548078794,-8.978905900804135,3.3602457982191174,-2.430344651569991
109,C10M102,CO2,Extinction,Methanol,0.21,0.3,0.0,3.56,31.746177813704808,14.421770579702887,-3.731620162191571,-2.982466936196354,-9.398465769988647,2.357435084054335,-3.5692894496796814
110,C10M201,CO2,Extinction,Methanol,0.21,0.3,0.0,2.83,31.746177813704808,10.363075921827845,-10.581806690960287,-2.9370447737807917,-9.06562076905756,2.329509628859868,-1.128139286938196
111,C10M303,CO2,Completion,Methanol,0.21,0.3,0.0,3.37,31.746177813704808,13.253020972734106,-5.084556544092465,-3.080174868077683,-9.343160060940171,2.3416375429755125,-3.3269029108358947
112,C10M401,CO2,Completion,Methanol,0.21,0.3,0.0,3.99,31.746177813704808,17.38295513664406,-1.5994110045307135,-2.50934674544816,-9.627919839894243,2.43531627163653,-3.061861358824162
113,C11M101,CO2,Extinction,Methanol,0.2,0.35,0.0,4.2,31.746177813704808,10.736583064803341,-1.7344527881762393,-8.210700444318075,-10.054309516390145,2.0524047696094745,-3.062536769626486
115,C11M301,CO2,Extinction,Methanol,0.2,0.35,0.0,3.97,31.746177813704808,9.650629331743964,-2.347659063223655,-8.391929396070292,-9.78324505619348,2.0030260545665555,-3.575741021039971
116,C11M401,CO2,Extinction,Methanol,0.2,0.35,0.0,3.16,31.746177813704808,6.569481242428823,-6.270028174709686,-8.664791692465508,-9.331715433414876,1.9407096650886713,-2.85087093577459
117,C11H101,CO2,Extinction,Heptane,0.2,0.35,0.0,3.84,31.746177813704808,2.4398926333826445,1.0264858496086822,-7.105933387392809,-7.951652144215341,1.9784208112531902,-17.253606309575886
118,C11H201,CO2,Extinction,Heptane,0.2,0.35,0.0,3.03,31.746177813704808,16.181564474790367,6.671024320353677,-6.936206894606913,-12.503385175995845,2.7711653601322634,-5.567210948797623
119,C12H103,CO2,Extinction,Heptane,0.18,0.4,0.0,2.6,31.746177813704808,15.423310927328975,8.560301933676119,-17.05321936827139,-14.130896405182195,2.6757269928916387,3.625219960509992
120,C12H201,CO2,Extinction,Heptane,0.18,0.4,0.0,2.45,31.746177813704808,21.026823628042752,10.30735707604607,-16.65431862519991,-15.016726502408808,2.902696495420881,7.74163737047971
121,C12M101,CO2,Extinction,Methanol,0.18,0.4,0.0,4.25,31.746177813704808,3.7903604759505405,-2.2598695284187547,-15.350285277888764,-8.394090329967387,1.5602450021306076,-3.511817203609966
122,C12M201,CO2,Extinction,Methanol,0.18,0.4,0.0,3.46,31.746177813704808,2.553430000644358,-4.025952106966505,-15.247038248520024,-7.815852132063428,1.4958342427410671,-3.599739568251561
123,C12M301,CO2,Extinction,Methanol,0.18,0.4,0.0,4.13,31.746177813704808,3.5708238760580415,-2.4579110448322536,-15.316988310646442,-8.263806827500748,1.5437986958418293,-3.6804464505091556
124,C12M401,CO2,Extinction,Methanol,0.18,0.4,0.0,2.87,31.746177813704808,1.8957338060400106,-6.839427594272267,-15.184452999157214,-7.883941205170462,1.5342085676995036,-1.4768307767643596
125,C13M103,CO2,Extinction,Methanol,0.17,0.45,0.0,3.63,31.746177813704808,1.446113779582394,-3.35794373779424,-16.840951579721573,-7.77937814793696,1.3479439613091904,-3.6697345299788275
126,C13M201,CO2,Extinction,Methanol,0.17,0.45,0.0,2.8,31.746177813704808,0.9469449652171894,-6.390111873929556,-16.857999174894054,-7.892246821601598,1.3941469462586604,-1.0530219243210643
127,C13M301,CO2,Extinction,Methanol,0.17,0.45,0.0,3.22,31.746177813704808,1.1735107429057348,-4.517179895786057,-16.84958329016579,-7.743401667918838,1.3548033544283555,-2.8173055713567425
128,C13M401,CO2,Extinction,Methanol,0.17,0.45,0.0,2.91,31.746177813704808,1.0017161022407988,-5.81607617925668,-16.872697327069336,-7.839493007253312,1.3810131937554728,-1.5972083916401554
129,C13H102,CO2,Extinction,Heptane,0.17,0.45,0.0,3.33,31.746177813704808,1.4610829992057308,2.814872033189264,-17.42675256966217,-9.083699749062337,1.6883511857826312,-8.277865714746472
130,C13H201,CO2,Extinction,Heptane,0.17,0.45,0.0,2.91,31.746177813704808,4.102987095249368,4.763321755913929,-19.77729486752304,-11.472943768392158,1.974807666766433,-3.1310815052206094
131,C21H101,CO2,Disruption,Heptane,0.24,0.2,0.0,1.72,31.746177813704808,98.4290940024202,22.36445832866348,21.673713326457403,-3.3918372809382094,2.8111353993557895,23.22544641517694
132,C21H201,CO2,Disruption,Heptane,0.24,0.2,0.0,2.63,31.746177813704808,86.31421713766672,14.693353521146054,30.10135090902918,-4.472796322280735,3.919117111376246,10.327014104691134
133,C21H301,CO2,Disruption,Heptane,0.24,0.2,0.0,3.25,31.746177813704808,56.888341718724966,5.639962724359681,27.69379555964172,-5.757580043057452,4.096190335035452,-6.530204670959245
134,C21H401,CO2,Extinction,Heptane,0.24,0.2,0.0,3.66,31.746177813704808,31.925757147223973,-1.0062867518776957,22.105515219264237,-5.845098377068137,3.5082095308891694,-18.582760287688416
135,C21H501,CO2,Completion,Heptane,0.24,0.2,0.0,2.78,31.746177813704808,81.20166532917024,12.822877460055487,30.454092385482745,-4.7684910051298255,4.077249393329089,6.869759281727952
136,C21H302,CO2,Completion,Heptane,0.24,0.2,0.0,3.08,31.746177813704808,66.95673401751712,8.42649362662229,29.360054793711353,-5.428533768222619,4.189881839290354,-1.337340287589036
137,C21H303,CO2,Disruption,Heptane,0.24,0.2,0.0,3.13,31.746177813704808,64.10840702310138,7.6219201642735666,28.940044327349256,-5.5342115747103575,4.174529289506496,-2.8400529970223967
139,C21H305,CO2,Disruption,Heptane,0.24,0.2,0.0,1.75,31.746177813704808,98.30766047580963,22.18010867428421,21.983308117406064,-3.4131673872124844,2.839890174386121,22.971343083240914
140,C14M101,CO2,Extinction,Methanol,0.15,0.5,0.0,3.98,31.746177813704808,0.55798542414789,-2.484552002716734,-18.97137094283805,-7.391523272389044,1.193620664398619,-3.5343668360117095
141,C14M201,CO2,Extinction,Methanol,0.15,0.5,0.0,2.86,31.746177813704808,0.3137640902272727,-5.083830263797882,-18.96801434302206,-7.428894374008517,1.2233874407086038,-1.1750621833576806
142,C14M301,CO2,Extinction,Methanol,0.15,0.5,0.0,1.86,31.746177813704808,0.18748653626444267,-10.823882351110393,-18.556700930186576,-7.913631551878425,1.318099084903433,4.417424470831598
143,C14M302,CO2,Extinction,Methanol,0.15,0.5,0.0,2.25,31.746177813704808,0.22920278231921598,-8.02916324470954,-19.027993589447934,-7.738411156194997,1.2884478170376454,1.9901451419292326
144,C01M101,CO2,Extinction,Methanol,0.2,0.05,0.0,3.53,31.746177813704808,21.347275514523133,-3.899399696562086,-7.842946790650139,2.1715471206398926,2.6163245596298084,-3.4444274922391576
145,C01M201,CO2,Extinction,Methanol,0.2,0.05,0.0,3.33,31.746177813704808,19.665107029144355,-5.6505076785086965,-7.967256441526363,2.1320931075057,2.5962902056327444,-3.19168997766384
146,C01M301,CO2,Extinction,Methanol,0.2,0.05,0.0,4.35,31.746177813704808,29.3005005447324,0.28050352927414934,-6.618476173871614,2.3563557340601395,2.8358828770625166,-1.2999432354975928
147,C13M102,CO2,Extinction,Methanol,0.17,0.45,0.0,3.02,31.746177813704808,1.0596213033685216,-5.304726449014033,-16.871531213078825,-7.795313812915663,1.3697302149353419,-2.08471525026311
148,C01H101,CO2,Disruption,Heptane,0.2,0.05,0.0,2.58,31.746177813704808,65.707771542605,16.147486294855764,-0.6422912047939593,3.0487738238801656,4.194574911406871,11.21304990355134
149,C01H201,CO2,Disruption,Heptane,0.2,0.05,0.0,2.21,31.746177813704808,82.97499396830477,21.336594960925613,1.0719026461014745,2.8073614876295263,4.002782891033419,22.010174168909934
150,C01H302,CO2,Extinction,Heptane,0.2,0.05,0.0,3.18,31.746177813704808,29.6592179624047,6.52019862605338,-5.645800395082287,2.414078722598451,3.3257623393134845,-8.701199144183136
151,C03M101,CO2,Completion,Methanol,0.18,0.15,0.0,3.86,31.746177813704808,7.806059441392395,-2.8437282852289405,-17.246880538121793,-1.7958394047122788,1.8296826233109567,-3.883352767560358
152,C03M201,CO2,Extinction,Methanol,0.18,0.15,0.0,3.33,31.746177813704808,6.050705788618324,-4.967475494436279,-17.29874753147154,-1.7466563979619911,1.792101832534419,-3.4746944337510888
153,C03M301,CO2,Extinction,Methanol,0.18,0.15,0.0,2.78,31.746177813704808,4.624336876017312,-9.11454130080065,-17.0129214032789,-1.776213043114582,1.8360573163587075,-1.054222506852076
154,C03H101,CO2,Extinction,Heptane,0.18,0.15,0.0,3.7,31.746177813704808,2.9005712676776136,1.7159280253506313,-15.421551105797883,-1.6812436425524888,1.9671975533396433,-15.425937376367102
155,C03H201,CO2,Extinction,Heptane,0.18,0.15,0.0,2.73,31.746177813704808,25.666159514686708,9.510834528452758,-17.572339337373705,-2.9619882814577103,3.108999475482322,1.8344753158782368
156,C03H401,CO2,Completion,Heptane,0.18,0.15,0.0,1.34,31.746177813704808,92.01036371829991,27.298148135188015,-8.542791218571425,-1.5320931745994595,2.971290241380479,40.0696319211975
157,C05M101,CO2,Extinction,Methanol,0.16,0.25,0.0,4.24,31.746177813704808,2.6389115588658996,-2.242082302890149,-21.013816880159048,-3.727302587636367,1.4596731251091795,-3.58373760926252
158,C05M201,CO2,Extinction,Methanol,0.16,0.25,0.0,3.7,31.746177813704808,2.009847279868792,-3.2133398003913443,-20.60111863873305,-3.5675685643011557,1.4201737208580452,-3.7744772512685136
159,C05M301,CO2,Extinction,Methanol,0.16,0.25,0.0,2.71,31.746177813704808,1.2154263199831268,-7.176925905199575,-20.540592987278757,-3.6438773487940015,1.473482332950147,-0.6428375853994944
160,C05M401,CO2,Extinction,Methanol,0.16,0.25,0.0,2.77,31.746177813704808,1.25318041916465,-6.805773717490988,-20.559338423718682,-3.630730782404034,1.4656971669168442,-0.9628516378432964
161,C06M101,CO2,Extinction,Methanol,0.15,0.32,0.0,3.72,31.746177813704808,0.974308440036183,-2.9991033561884977,-20.89456339176137,-4.5734405241515,1.2947856453992592,-3.599547746966521
162,C06M201,CO2,Extinction,Methanol,0.15,0.32,0.0,3.05,31.746177813704808,0.6914055188783329,-4.8201021139080495,-20.87672139567181,-4.604505627754782,1.3138953515816252,-2.0673385090734597
163,C06M301,CO2,Extinction,Methanol,0.15,0.32,0.0,2.59,31.746177813704808,0.5460643507791946,-6.899849204365122,-20.996290048271877,-4.708441971573212,1.3597793892752832,0.04468837200931061
164,C06M401,CO2,Extinction,Methanol,0.15,0.32,0.0,2.59,31.746177813704808,0.5460643507791946,-6.899849204365122,-20.996290048271877,-4.708441971573212,1.3597793892752832,0.04468837200931061
165,C03H302,CO2,Extinction,Heptane,0.18,0.15,0.0,1.96,31.746177813704808,70.67012244789143,21.054442981079603,-11.028128544334935,-2.2524937197229766,3.92273401539002,27.22738990177491
166,C07M101,CO2,Extinction,Methanol,0.14,0.36,0.0,3.22,31.746177813704808,0.4035979231390334,-3.971046387131837,-21.131647543817863,-4.995361406515768,1.2312592254660795,-2.4757837785663916
167,C07M201,CO2,Extinction,Methanol,0.14,0.36,0.0,2.32,31.746177813704808,0.25400139609234884,-7.61404132937784,-21.492494469700617,-5.1780440489170045,1.3063305899845652,1.486072840398433
168,C15M101,CO2,Disruption,Methanol,0.21,0.15,0.0,3.03,31.746177813704808,18.626828137135167,-9.103058645167858,-1.8410261120855431,-2.8295114510288117,2.7073410790129087,-2.053094547300339
169,C15M201,CO2,Extinction,Methanol,0.21,0.15,0.0,3.05,31.746177813704808,18.783818679089233,-8.855347326709458,-1.8446652838486712,-2.8334591668231113,2.708838887907899,-2.1377262451422347
170,C15M301,CO2,Extinction,Methanol,0.21,0.15,0.0,3.53,31.746177813704808,22.858073160221693,-3.806934930881572,-1.684220712313892,-2.8469680291342945,2.7489428374347504,-3.298923818588108
171,C03H501,CO2,Extinction,Heptane,0.18,0.15,0.0,3.74,31.746177813704808,2.629440195390597,1.555669724593198,-15.246552279732192,-1.653856257574534,1.9479778416633646,-15.719976647264051
172,C03H601,CO2,Extinction,Heptane,0.18,0.15,0.0,2.4,31.746177813704808,44.2564531946331,14.35926642693876,-15.223415851458649,-2.9618659362210478,3.6830104952932023,12.653280246376024
173,C03H701,CO2,Disruption,Heptane,0.18,0.15,0.0,1.35,31.746177813704808,91.82290404167792,27.23206293950283,-8.55059206714106,-1.538278517797233,2.9906773240638214,39.94285654934476
174,C08H502,CO2,Disruption,Heptane,0.24,0.2,0.0,2.5,31.746177813704808,89.74901737199941,16.139363056260848,29.393393691286498,-4.247010049397662,3.753161578392431,12.963931281752506
175,C08H601,CO2,Disruption,Heptane,0.24,0.2,0.0,2.88,31.746177813704808,77.04501257085107,11.45069870743282,30.36686695370671,-4.983631059213217,4.150482431072802,4.3144177241471615
176,C08M501,CO2,Extinction,Methanol,0.24,0.2,0.0,4.53,31.746177813704808,62.93844305132068,5.26852529662667,26.75020234151863,-5.333838547080468,3.880321521964037,0.627054624586989
177,C08M601,CO2,Extinction,Methanol,0.24,0.2,0.0,3.02,31.746177813704808,43.78516702164766,-9.233847356947626,24.758539131944588,-6.083662159113182,3.7946671140138397,-1.1967075219547558
178,C09H501,CO2,Extinction,Heptane,0.23,0.25,0.0,3.32,31.746177813704808,36.194480275236735,4.675498796359274,15.92656870253654,-9.102764489275689,3.6238577987015024,-10.674858346789696
179,C09H601,CO2,Disruption,Heptane,0.23,0.25,0.0,2.07,31.746177813704808,93.00187774635502,21.843882181625922,19.540119959805338,-5.9279039312612305,3.4144075244566174,22.385194198023534
180,C02H101,CO2,Extinction,Heptane,0.19,0.1,0.0,3.4,31.746177813704808,11.043768537428132,3.5024243944638127,-12.705168141411363,-0.3025926219285121,2.4977387736999512,-13.69481168110056
181,C02H201,CO2,Extinction,Heptane,0.19,0.1,0.0,2.48,31.746177813704808,55.84811830422057,15.752860673520978,-8.181637229727677,-0.03942263300109813,3.9929166928595796,12.57722298686397
182,C02H202,CO2,Disruption,Heptane,0.19,0.1,0.0,1.64,31.746177813704808,91.32855778761791,26.110331540728325,-4.40828439177169,0.19568611653283569,3.2715195828120165,34.41312712561162
183,C09M501,CO2,Extinction,Methanol,0.23,0.25,0.0,3.72,31.746177813704808,36.44372675637382,-1.4677255260801532,14.2726618285126,-8.992699943202727,3.356287265571032,-2.4709746821317333
184,C09M502,CO2,Extinction,Methanol,0.23,0.25,0.0,3.42,31.746177813704808,32.93742783122456,-4.510810345860794,13.943626623269175,-9.089221130522702,3.321506996497097,-2.473852125863031
185,C09M601,CO2,Extinction,Methanol,0.23,0.25,0.0,2.8,31.746177813704808,26.287852594337245,-12.174280562510418,13.218632886536643,-8.80047850283842,3.197109480068062,-0.8993085206234341
186,C09M701,CO2,Extinction,Methanol,0.23,0.25,0.0,2.47,31.746177813704808,23.12250568687674,-15.638135089456865,12.405123372796632,-8.429876556213522,3.063693055848251,-0.024476909802557678
187,C02M101,CO2,Extinction,Methanol,0.19,0.1,0.0,3.38,31.746177813704808,11.413736354784595,-4.987462355662296,-13.687487335288743,-0.2211278161399512,2.1234265957730134,-3.5597905476022396
188,C02M201,CO2,Extinction,Methanol,0.19,0.1,0.0,2.47,31.746177813704808,7.454369072013309,-14.448864215998217,-12.792697620760045,-0.2065656850776759,2.143699927423249,1.0126188527211848
189,C03M501,CO2,Extinction,Methanol,0.18,0.15,0.0,3.77,31.746177813704808,7.478200130928229,-3.1187252303789257,-17.252368507552973,-1.778964810654756,1.8179604329481676,-3.9358795671380906
190,C03M601,CO2,Extinction,Methanol,0.18,0.15,0.0,2.74,31.746177813704808,4.534117469698894,-9.513900259204961,-16.9571022533307,-1.775859507434896,1.8412487258901036,-0.8064470499254612
191,C03M701,CO2,Extinction,Methanol,0.18,0.15,0.0,1.76,31.746177813704808,2.7840860343376175,-20.006405773082335,-14.754571426429326,-1.479664902217197,1.7599420774205328,5.518608244941135
192,C04M101,CO2,Extinction,Methanol,0.17,0.2,0.0,3.46,31.746177813704808,3.4122326515052146,-4.088174800713694,-19.400356818716276,-2.7733962452105883,1.5697786355445775,-3.6417959331036154
193,C04M201,CO2,Extinction,Methanol,0.17,0.2,0.0,2.77,31.746177813704808,2.414436827266855,-7.845573198684622,-19.264284963904554,-2.83427377314595,1.6198843621203762,-1.0074934128232043
194,C04H101,CO2,Extinction,Heptane,0.17,0.2,0.0,3.76,31.746177813704808,1.2998641708542455,1.5823625339793654,-17.399810004369144,-2.7399799264735307,1.7579200351315474,-13.6468062811188
195,C04H201,CO2,Extinction,Heptane,0.17,0.2,0.0,2.9,31.746177813704808,10.340639866199087,6.0249583351603135,-22.291204360864793,-4.27695700533216,2.394682947849743,-3.257017864318824
196,C01H501,CO2,Extinction,Heptane,0.2,0.05,0.0,3.06,31.746177813704808,36.336160515963165,8.30881346623671,-4.789557869641716,2.5813882206911134,3.5561765557908047,-5.066837670818554
197,C01H601,CO2,Extinction,Heptane,0.2,0.05,0.0,3.04,31.746177813704808,37.51136479617772,8.620399843419746,-4.630404641171122,2.609555186213955,3.5941933736539475,-4.428556779643619
198,C01H701,CO2,Disruption,Heptane,0.2,0.05,0.0,2.12,31.746177813704808,85.94751611348079,22.367973112464412,1.1550729129889983,2.682946314861785,3.872974081592837,24.12237187786794
199,C01M501,CO2,Extinction,Methanol,0.2,0.05,0.0,3.37,31.746177813704808,19.993347435325923,-5.269799535690782,-7.9511237192351185,2.1398372782646495,2.5992411066552066,-3.2709855083728465
200,C01M602,CO2,Extinction,Methanol,0.2,0.05,0.0,2.57,31.746177813704808,14.189118591544647,-14.697324486498601,-7.582168319404062,1.9876276304059417,2.534006014688608,0.2007999386479531
201,C01M603,CO2,Extinction,Methanol,0.2,0.05,0.0,2.4,31.746177813704808,13.153840532302391,-16.605427938360023,-7.47372379463271,1.938058497342758,2.4845089306741728,1.064247023573388
202,N01M101,N2,Extinction,Methanol,0.21,0.0,0.0,3.3,31.746177813704808,31.968208770819974,-6.164121649954797,0.27056323235295987,5.5234755416908214,3.203562392610446,-2.611448559584265
203,N01M201,N2,Extinction,Methanol,0.21,0.0,0.0,2.75,31.746177813704808,26.131531856811936,-13.185667527464284,0.04247324415553852,5.2145189212926715,3.098808758573391,-0.78477935345019
204,N01H101,N2,Disruption,Heptane,0.21,0.0,0.0,3.56,31.746177813704808,23.962133464170396,1.4425123258798327,0.37091115919708123,5.053043339929526,3.1630787101020874,-17.813589884642944
205,N01H102,N2,Disruption,Heptane,0.21,0.0,0.0,3.58,31.746177813704808,23.054804737925178,1.1878635937127915,0.25342376517936643,4.999504833196726,3.1289145178099544,-18.26107978567847
206,N01H201,N2,Disruption,Heptane,0.21,0.0,0.0,2.96,31.746177813704808,58.88275348994485,10.90267345210152,5.524076861392161,6.308548382131244,4.18055566444358,0.22072131617153312
207,N01H202,N2,Completion,Heptane,0.21,0.0,0.0,2.72,31.746177813704808,72.40561362573631,14.838157757797585,7.242054499897502,6.218822015269178,4.302209068190854,8.058192470876383
208,N01H301,N2,Completion,Heptane,0.21,0.0,0.0,2.92,31.746177813704808,61.302502445747976,11.58103962971279,5.864748903184863,6.324307411768366,4.219403939108073,1.566824748269085
209,N02H101,N2,Extinction,Heptane,0.16,0.0,0.0,3.34,31.746177813704808,4.873797265521154,3.219725775861733,-24.76200568641601,3.0103270273122904,2.0858604161204988,-10.426288081062165
211,N02H203,N2,Extinction,Heptane,0.16,0.0,0.0,2.52,31.746177813704808,28.8564617993932,10.629728013658271,-27.721716171693934,4.448842480046961,3.148690724991897,6.60473893868519
212,N03H101,N2,Extinction,Heptane,0.15,0.0,0.0,2.55,31.746177813704808,18.963371254201466,8.693514329897965,-32.46924334878955,3.8345116177423337,2.749590829728277,4.40882001191763
213,N04H101,N2,Extinction,Heptane,0.14,0.0,0.0,4.16,31.746177813704808,0.24999991564481008,0.41976603745826874,-22.478703488331128,2.203559188773488,1.577535671175878,-13.218335307136506
214,N04H201,N2,Extinction,Heptane,0.14,0.0,0.0,1.83,31.746177813704808,47.250978783840274,16.315878141010753,-32.176694453330214,4.7936583754367135,3.425404331494339,23.14655457552387
215,N04M101,N2,Extinction,Methanol,0.14,0.0,0.0,3.5,31.746177813704808,1.8481674758239457,-3.594143356744384,-26.942959719337725,2.5072706641201994,1.5031596005076466,-3.3713375264265935
216,N04M201,N2,Extinction,Methanol,0.14,0.0,0.0,2.67,31.746177813704808,1.2119245689441072,-7.266222043109721,-26.83334942425511,2.462569999178693,1.5509180285643445,-0.4481698051389123
217,N05M101,N2,Extinction,Methanol,0.13,0.0,0.0,3.46,31.746177813704808,1.1347992361170196,-3.551374678955508,-27.77547459124579,2.4189232923806054,1.4475288523616807,-3.1509814521287707
218,N05M201,N2,Extinction,Methanol,0.13,0.0,0.0,2.75,31.746177813704808,0.7893398513871712,-6.296420299110457,-27.77452058996549,2.3770588519198883,1.4851638688452902,-0.7481197940068675
219,N06M101,N2,Extinction,Methanol,0.12,0.0,0.0,2.6,31.746177813704808,0.45613430876564637,-6.602675749102538,-28.427992135531255,2.3056384925495435,1.4494791103765672,-0.014493223231479592
220,N06M201,N2,Extinction,Methanol,0.12,0.0,0.0,1.94,31.746177813704808,0.3248660445518521,-10.511632988617938,-27.725124449139905,2.2677994721956547,1.4594832398444484,3.08816295656478
221,N06M202,N2,Extinction,Methanol,0.12,0.0,0.0,1.84,31.746177813704808,0.3085723538713355,-11.309837961902243,-27.4493583449792,2.2668873094424824,1.4593569439204583,3.595346593685025
222,H01M102,He,Extinction,Methanol,0.2,0.0,0.05,2.91,31.746177813704808,15.443993614504178,-10.323450092479383,-7.9397333960477,4.293816833934144,-0.7001136419971146,-1.6327039026105763
224,H01H102,He,Completion,Heptane,0.2,0.0,0.05,2.25,31.746177813704808,80.32764249393878,20.721238214487606,0.9112884833145314,5.486643604488803,0.5057812289107364,20.95651314903231
225,H02M101,He,Extinction,Methanol,0.19,0.0,0.1,2.78,31.746177813704808,7.509461229590323,-10.343386483448883,-13.195587378032137,3.4469560521218074,-3.129520447589358,-1.0151783271659165
226,H03M101,He,Extinction,Methanol,0.18,0.0,0.15,2.79,31.746177813704808,3.7347616674892983,-8.564930238426589,-16.542314170260617,2.884422148655905,-4.6619153969107865,-1.1266784892734185
227,H03M201,He,Extinction,Methanol,0.18,0.0,0.15,2.95,31.746177813704808,4.043317973452773,-7.222527934501341,-16.679786918542142,2.8896877535173684,-4.677934105803407,-2.0122986349225127
228,N01H401,N2,Extinction,Heptane,0.21,0.0,0.0,3.32,31.746177813704808,36.60486992043853,4.88208986341181,2.1698220390996865,5.696736465497233,3.606415205458692,-11.496371466733699
229,N01H502,N2,Disruption,Heptane,0.21,0.0,0.0,2.39,31.746177813704808,85.78204295794616,19.390459636598962,7.9780926105067245,5.527476037821098,4.044739043684608,17.095097815629977
230,N01H601,N2,Extinction,Heptane,0.21,0.0,0.0,3.65,31.746177813704808,20.071393381962462,0.3373296766752114,-0.11577569313559122,4.816403253057662,3.014629683938601,-19.72737135227822
231,H02H101,He,Disruption,Heptane,0.19,0.0,0.1,2.59,31.746177813704808,45.150119424002085,13.462387641352937,-9.558838961691103,5.450593389188647,-4.1377778093621105,8.187577350808915
232,H03H101,He,Extinction,Heptane,0.18,0.0,0.15,3.52,31.746177813704808,3.609774712962327,2.517243861263674,-15.811202103323618,2.9215450526605715,-4.565754436117283,-13.198235475225822
233,H03H201,He,Completion,Heptane,0.18,0.0,0.15,2.3,31.746177813704808,44.8547183268638,15.034596191547358,-14.725571634159628,5.182194116420036,-7.5517950871539465,15.169116926505167
234,H03H202,He,Completion,Heptane,0.18,0.0,0.15,2.27,31.746177813704808,46.73344579970252,15.500773003282522,-14.443194046093097,5.21979485196118,-7.491864442146182,16.20175861899329
235,H04H101,He,Extinction,Heptane,0.17,0.0,0.2,2.85,31.746177813704808,8.803189371360252,5.983245332210858,-21.695585100727172,3.316578171895029,-8.272196158673724,-2.2750306870495427
236,H04H201,He,Extinction,Heptane,0.17,0.0,0.2,2.12,31.746177813704808,37.847599649599566,14.527057172766295,-20.06875338257586,4.775216236516561,-10.780915231965952,17.648817041153716
238,H04H303,He,Completion,Heptane,0.17,0.0,0.2,1.61,31.746177813704808,68.79974490323627,21.953745031665598,-14.91647115732315,4.843729535952817,-8.56689644157772,33.739460120813916
239,H04M101,He,Extinction,Methanol,0.17,0.0,0.2,2.99,31.746177813704808,2.0039128471371543,-5.980303297383531,-18.52338815812154,2.5047305587802224,-5.640357892453518,-2.1029461773892852
240,H04M202,He,Extinction,Methanol,0.17,0.0,0.2,2.9,31.746177813704808,1.914686233726983,-6.502220350161886,-18.504158499795167,2.503517946790907,-5.648493356058507,-1.6801373207531696
241,H05M102,He,Extinction,Methanol,0.16,0.0,0.25,3.4,31.746177813704808,1.1869691336327024,-3.8475084013426324,-19.39442655219259,2.256053748305731,-6.3415659599698735,-3.2317615148727366
243,H05H103,He,Extinction,Heptane,0.16,0.0,0.25,1.49,31.746177813704808,58.65949214328112,20.415522632228942,-19.843607329286975,4.716095594505208,-11.84081760560522,33.46612103773436
244,H06M102,He,Extinction,Methanol,0.15,0.0,0.3,3.67,31.746177813704808,0.6521584701286076,-2.9887511206959405,-19.78814362267015,2.0765874928665244,-6.970461413904596,-3.42325067917204
245,H06M201,He,Extinction,Methanol,0.15,0.0,0.3,2.52,31.746177813704808,0.3612539199026677,-6.784515526909339,-19.97861118621187,2.0686494880603075,-7.131201315260514,0.4407546465192733
246,H07M101,He,Extinction,Methanol,0.14,0.0,0.35,2.44,31.746177813704808,0.16510952484407418,-6.3988881175562735,-20.21539157972257,1.9362690862610072,-7.751804727296067,0.8487470494531694
247,H07M202,He,Extinction,Methanol,0.14,0.0,0.35,1.88,31.746177813704808,0.1237114015986975,-9.612952779080592,-19.98765756349982,1.9321121033303565,-7.949846159669334,3.9958779868132748
248,H08M101,He,Extinction,Methanol,0.13,0.0,0.4,3.56,31.746177813704808,0.13996083236273185,-2.8101989621663437,-19.656401499698827,1.845948655584357,-8.080885854815214,-2.9046793202460495
249,H10H101,He,Extinction,Heptane,0.24,0.0,0.2,3.78,31.746177813704808,20.35767522092162,-2.193926101724216,18.924055603653095,4.991734456174092,-11.745307024476968,-21.365059526409183
250,H11H101,He,Completion,Heptane,0.23,0.0,0.25,2.8,31.746177813704808,59.02347314150405,12.616020917171411,19.596466579228455,6.007398701009735,-15.68852169272639,4.745930823116022
251,H10M101,He,Extinction,Methanol,0.24,0.0,0.2,2.82,31.746177813704808,34.13571740972974,-11.52141807738538,22.100943371243588,5.806609900452235,-13.098695252157068,-0.8979003461284376
252,H10M102,He,Disruption,Methanol,0.24,0.0,0.2,2.79,31.746177813704808,33.78840186861078,-11.845020710526965,22.0116039872345,5.7845673044320405,-13.069308793779072,-0.8396177324545339
253,H11M101,He,Extinction,Methanol,0.23,0.0,0.25,2.45,31.746177813704808,16.911832288868993,-15.549886789596593,10.842473735777896,4.668337621491244,-15.111945487971468,0.3166753954631065
254,H11M102,He,Disruption,Methanol,0.23,0.0,0.25,2.61,31.746177813704808,18.104303911927737,-13.896274559668939,11.174159270606415,4.790504257767504,-15.49739099521982,-0.21287187526224316
255,H12M101,He,Extinction,Methanol,0.21,0.0,0.3,3.22,31.746177813704808,8.223278199224108,-5.9315109611783035,-3.3837229548601617,3.6477760919715303,-14.925804496835605,-2.929637293578162
256,H12M102,He,Extinction,Methanol,0.21,0.0,0.3,3.25,31.746177813704808,8.340910643521939,-5.702534722482281,-3.3870060711221486,3.652517357516416,-14.942840741299445,-3.0254029927954047
257,H12M201,He,Extinction,Methanol,0.21,0.0,0.3,2.67,31.746177813704808,6.319204245179347,-11.298614391844687,-3.10150924399887,3.5310808110002587,-14.306112581822346,-0.25181816185981837
258,H12H101,He,Extinction,Heptane,0.21,0.0,0.3,3.23,31.746177813704808,12.586942329132594,4.914406102932137,-1.4619984497180127,4.076732382941703,-16.947217610174285,-9.741157910553753
259,H12H201,He,Extinction,Heptane,0.21,0.0,0.3,2.86,31.746177813704808,26.807189262679508,9.241744196222797,0.8147554685929989,4.858982828678088,-19.435840667712675,-0.4186303768065083
260,H13H101,He,Extinction,Heptane,0.2,0.0,0.35,3.69,31.746177813704808,2.099470940891998,1.7297548046905362,-7.004687125214702,2.8231628851571213,-12.777337515893276,-14.417599921552496
261,H13H201,He,Extinction,Heptane,0.2,0.0,0.35,3.08,31.746177813704808,9.086174959863948,5.4209180310120555,-7.029700767532434,3.6429387496369685,-18.29009823965403,-6.404060627303422
262,H13M102,He,Extinction,Methanol,0.2,0.0,0.35,3.87,31.746177813704808,5.622627864799541,-2.72054742770249,-8.102223887524389,3.0984007693102726,-14.658277436935283,-3.740901966053382
263,H13M201,He,Extinction,Methanol,0.2,0.0,0.35,2.95,31.746177813704808,3.5729110568983162,-7.173899095970007,-8.137742584596872,2.997831005497774,-14.01923188405894,-1.8402241976784481
264,H14M101,He,Extinction,Methanol,0.18,0.0,0.4,3.5,31.746177813704808,1.435112972290298,-3.6427762862868316,-14.116919975116033,2.3322271768708087,-11.432215775946343,-3.4513799809361068
265,H14M201,He,Extinction,Methanol,0.18,0.0,0.4,2.7,31.746177813704808,0.9542308070879998,-7.0954089333152215,-13.969947686341825,2.332913513808233,-11.587108391911727,-0.4723955088562687
266,H14M202,He,Extinction,Methanol,0.18,0.0,0.4,1.84,31.746177813704808,0.6142487695901773,-14.557884616749275,-12.829883617826694,2.2602948354933283,-11.156546035743217,5.15209039071123
267,H14H101,He,Extinction,Heptane,0.18,0.0,0.4,2.27,31.746177813704808,18.582060693785035,10.740167544179956,-15.650693454236102,3.946282034297716,-23.26679794815644,11.066924703995086
268,H14H201,He,Extinction,Heptane,0.18,0.0,0.4,1.86,31.746177813704808,39.10463113620858,16.065764024746635,-13.50891423258174,4.519711645677868,-22.860142694376094,23.142034579037084
269,H15H101,He,Extinction,Heptane,0.17,0.0,0.45,2.22,31.746177813704808,10.959494692412894,9.22526126209138,-19.838875100436347,3.441273111062222,-23.805254750846444,10.190912356837277
270,H15H201,He,Completion,Heptane,0.17,0.0,0.45,1.61,31.746177813704808,36.45252141967089,16.369765088657182,-17.777764195073658,4.214639919891458,-24.614877270165856,26.51458006265697
271,H15M102,He,Extinction,Methanol,0.17,0.0,0.45,2.79,31.746177813704808,0.47748027501028945,-5.724953227269589,-15.525904636168601,2.097606246826885,-11.218119485569527,-0.8973264365136843
272,H15M201,He,Extinction,Methanol,0.17,0.0,0.45,2.68,31.746177813704808,0.4512422883380491,-6.261697397277785,-15.493368321450038,2.1028625478413923,-11.303743742137593,-0.33898861234273636
273,H19H101,He,Extinction,Heptane,0.21,0.0,0.15,3.54,31.746177813704808,12.873116446551203,2.18794061900973,-1.5007005661059125,4.197126879921573,-6.9574509941205545,-16.79997730585844
274,H19H201,He,Extinction,Heptane,0.21,0.0,0.15,2.82,31.746177813704808,47.61252517077116,11.936402520878124,3.7868222838637173,5.818293247238365,-8.488448647553305,2.8132779526394485
