model,split,repeat,fold,n_test,n_sustained,roc_auc,pr_auc,brier,log_loss,accuracy@0.5,precision@0.5,recall@0.5,f1@0.5,false_negative_rate@0.5,false_positive_rate@0.5,tn@0.5,fp@0.5,fn@0.5,tp@0.5,threshold,accuracy@safe,precision@safe,recall@safe,f1@safe,false_negative_rate@safe,false_positive_rate@safe,tn@safe,fp@safe,fn@safe,tp@safe
majority_baseline,r0f0,0,0,47,13,0.5,0.2765957446808511,0.20261394559975704,0.5956136100442058,0.723404255319149,0.0,0.0,0.0,1.0,0.0,34,0,13,0,0.3142857142857143,0.2765957446808511,0.2765957446808511,1.0,0.43333333333333335,0.0,1.0,0,34,0,13
majority_baseline,r0f1,0,1,45,15,0.5,0.3333333333333333,0.22259562650236878,0.6373716648993164,0.6666666666666666,0.0,0.0,0.0,1.0,0.0,30,0,15,0,0.2907801418439716,0.3333333333333333,0.3333333333333333,1.0,0.5,0.0,1.0,0,30,0,15
majority_baseline,r0f2,0,2,47,13,0.5,0.2765957446808511,0.20261394559975704,0.5956136100442058,0.723404255319149,0.0,0.0,0.0,1.0,0.0,34,0,13,0,0.29927007299270075,0.2765957446808511,0.2765957446808511,1.0,0.43333333333333335,0.0,1.0,0,34,0,13
majority_baseline,r0f3,0,3,69,25,0.5,0.36231884057971014,0.23485972681490486,0.6635055551127989,0.6376811594202898,0.0,0.0,0.0,1.0,0.0,44,0,25,0,0.2949640287769784,0.36231884057971014,0.36231884057971014,1.0,0.5319148936170213,0.0,1.0,0,44,0,25
majority_baseline,r0f4,0,4,44,14,0.5,0.3181818181818182,0.21694291285637438,0.6254931225102319,0.6818181818181818,0.0,0.0,0.0,1.0,0.0,30,0,14,0,0.2978723404255319,0.3181818181818182,0.3181818181818182,1.0,0.4827586206896552,0.0,1.0,0,30,0,14
majority_baseline,r1f0,1,0,45,13,0.5,0.28888888888888886,0.20664192863310693,0.603972980474696,0.7111111111111111,0.0,0.0,0.0,1.0,0.0,32,0,13,0,0.3006993006993007,0.28888888888888886,0.28888888888888886,1.0,0.4482758620689655,0.0,1.0,0,32,0,13
majority_baseline,r1f1,1,1,67,26,0.5,0.3880597014925373,0.24671761717344615,0.6890621614676031,0.6119402985074627,0.0,0.0,0.0,1.0,0.0,41,0,26,0,0.2857142857142857,0.3880597014925373,0.3880597014925373,1.0,0.5591397849462365,0.0,1.0,0,41,0,26
majority_baseline,r1f2,1,2,48,15,0.5,0.3125,0.21488129565551708,0.6211731429744791,0.6875,0.0,0.0,0.0,1.0,0.0,33,0,15,0,0.30434782608695654,0.3125,0.3125,1.0,0.47619047619047616,0.0,1.0,0,33,0,15
majority_baseline,r1f3,1,3,47,13,0.5,0.2765957446808511,0.20261394559975704,0.5956136100442058,0.723404255319149,0.0,0.0,0.0,1.0,0.0,34,0,13,0,0.30935251798561153,0.2765957446808511,0.2765957446808511,1.0,0.43333333333333335,0.0,1.0,0,34,0,13
majority_baseline,r1f4,1,4,45,13,0.5,0.28888888888888886,0.20664192863310696,0.6039729804746959,0.7111111111111111,0.0,0.0,0.0,1.0,0.0,32,0,13,0,0.302158273381295,0.28888888888888886,0.28888888888888886,1.0,0.4482758620689655,0.0,1.0,0,32,0,13
majority_baseline,r2f0,2,0,46,14,0.5,0.30434782608695654,0.21197752523493177,0.6150995620098487,0.6956521739130435,0.0,0.0,0.0,1.0,0.0,32,0,14,0,0.3037037037037037,0.30434782608695654,0.30434782608695654,1.0,0.4666666666666667,0.0,1.0,0,32,0,14
majority_baseline,r2f1,2,1,47,13,0.5,0.2765957446808511,0.20261394559975704,0.5956136100442058,0.723404255319149,0.0,0.0,0.0,1.0,0.0,34,0,13,0,0.3,0.2765957446808511,0.2765957446808511,1.0,0.43333333333333335,0.0,1.0,0,34,0,13
majority_baseline,r2f2,2,2,67,24,0.5,0.3582089552238806,0.23297624369024125,0.6594547211201832,0.6417910447761194,0.0,0.0,0.0,1.0,0.0,43,0,24,0,0.2978723404255319,0.3582089552238806,0.3582089552238806,1.0,0.5274725274725275,0.0,1.0,0,43,0,24
majority_baseline,r2f3,2,3,45,14,0.5,0.3111111111111111,0.21438073233914434,0.6201249490410764,0.6888888888888889,0.0,0.0,0.0,1.0,0.0,31,0,14,0,0.2907801418439716,0.3111111111111111,0.3111111111111111,1.0,0.4745762711864407,0.0,1.0,0,31,0,14
majority_baseline,r2f4,2,4,47,15,0.5,0.3191489361702128,0.21729720151379,0.6262362222887848,0.6808510638297872,0.0,0.0,0.0,1.0,0.0,32,0,15,0,0.30935251798561153,0.3191489361702128,0.3191489361702128,1.0,0.4838709677419355,0.0,1.0,0,32,0,15
majority_baseline,r3f0,3,0,67,24,0.5,0.3582089552238806,0.23297624369024125,0.6594547211201832,0.6417910447761194,0.0,0.0,0.0,1.0,0.0,43,0,24,0,0.2949640287769784,0.3582089552238806,0.3582089552238806,1.0,0.5274725274725275,0.0,1.0,0,43,0,24
majority_baseline,r3f1,3,1,45,14,0.5,0.3111111111111111,0.21438073233914434,0.6201249490410764,0.6888888888888889,0.0,0.0,0.0,1.0,0.0,31,0,14,0,0.30935251798561153,0.3111111111111111,0.3111111111111111,1.0,0.4745762711864407,0.0,1.0,0,31,0,14
majority_baseline,r3f2,3,2,46,14,0.5,0.30434782608695654,0.21197752523493177,0.6150995620098487,0.6956521739130435,0.0,0.0,0.0,1.0,0.0,32,0,14,0,0.3161764705882353,0.30434782608695654,0.30434782608695654,1.0,0.4666666666666667,0.0,1.0,0,32,0,14
majority_baseline,r3f3,3,3,45,14,0.5,0.3111111111111111,0.21438073233914434,0.6201249490410764,0.6888888888888889,0.0,0.0,0.0,1.0,0.0,31,0,14,0,0.2857142857142857,0.3111111111111111,0.3111111111111111,1.0,0.4745762711864407,0.0,1.0,0,31,0,14
majority_baseline,r3f4,3,4,49,14,0.5,0.2857142857142857,0.2056346914508966,0.6018896771570051,0.7142857142857143,0.0,0.0,0.0,1.0,0.0,35,0,14,0,0.29927007299270075,0.2857142857142857,0.2857142857142857,1.0,0.4444444444444444,0.0,1.0,0,35,0,14
majority_baseline,r4f0,4,0,47,15,0.5,0.3191489361702128,0.21729720151379,0.6262362222887848,0.6808510638297872,0.0,0.0,0.0,1.0,0.0,32,0,15,0,0.29285714285714287,0.3191489361702128,0.3191489361702128,1.0,0.4838709677419355,0.0,1.0,0,32,0,15
majority_baseline,r4f1,4,1,47,14,0.5,0.2978723404255319,0.20972420165301822,0.6103970816557955,0.7021276595744681,0.0,0.0,0.0,1.0,0.0,33,0,14,0,0.29927007299270075,0.2978723404255319,0.2978723404255319,1.0,0.45901639344262296,0.0,1.0,0,33,0,14
majority_baseline,r4f2,4,2,68,25,0.5,0.36764705882352944,0.23720706382742135,0.6685348308683433,0.6323529411764706,0.0,0.0,0.0,1.0,0.0,43,0,25,0,0.29285714285714287,0.36764705882352944,0.36764705882352944,1.0,0.5376344086021505,0.0,1.0,0,43,0,25
majority_baseline,r4f3,4,3,45,13,0.5,0.28888888888888886,0.20664192863310693,0.6039729804746959,0.7111111111111111,0.0,0.0,0.0,1.0,0.0,32,0,13,0,0.3049645390070922,0.28888888888888886,0.28888888888888886,1.0,0.4482758620689655,0.0,1.0,0,32,0,13
majority_baseline,r4f4,4,4,45,13,0.5,0.28888888888888886,0.20664192863310693,0.6039729804746959,0.7111111111111111,0.0,0.0,0.0,1.0,0.0,32,0,13,0,0.302158273381295,0.28888888888888886,0.28888888888888886,1.0,0.4482758620689655,0.0,1.0,0,32,0,13
o2_only_logreg,r0f0,0,0,47,13,0.909502262443439,0.8285387069506177,0.10361430400203993,0.34580970816771733,0.851063829787234,0.7142857142857143,0.7692307692307693,0.7407407407407407,0.23076923076923078,0.11764705882352941,30,4,3,10,0.185943095356208,0.48936170212765956,0.35135135135135137,1.0,0.52,0.0,0.7058823529411765,10,24,0,13
o2_only_logreg,r0f1,0,1,45,15,0.8344444444444445,0.7856902356902357,0.142916458529655,0.4586036898214316,0.7777777777777778,0.7777777777777778,0.4666666666666667,0.5833333333333334,0.5333333333333333,0.06666666666666667,28,2,8,7,0.16312595357175944,0.7555555555555555,0.5909090909090909,0.8666666666666667,0.7027027027027027,0.13333333333333333,0.3,21,9,2,13
o2_only_logreg,r0f2,0,2,47,13,0.754524886877828,0.5169378866747288,0.20378905384358353,0.6363016238739744,0.6595744680851063,0.42105263157894735,0.6153846153846154,0.5,0.38461538461538464,0.3235294117647059,23,11,5,8,0.21545283510171986,0.6595744680851063,0.42105263157894735,0.6153846153846154,0.5,0.38461538461538464,0.3235294117647059,23,11,5,8
o2_only_logreg,r0f3,0,3,69,25,0.7968181818181819,0.6610570824524313,0.159541816760233,0.4721670034626651,0.7536231884057971,1.0,0.32,0.48484848484848486,0.68,0.0,44,0,17,8,0.12935478473684717,0.4927536231884058,0.4166666666666667,1.0,0.5882352941176471,0.0,0.7954545454545454,9,35,0,25
o2_only_logreg,r0f4,0,4,44,14,0.830952380952381,0.6850907029478458,0.15924187676691387,0.4841739422932504,0.8181818181818182,0.875,0.5,0.6363636363636364,0.5,0.03333333333333333,29,1,7,7,0.1393007842084066,0.5,0.3888888888888889,1.0,0.56,0.0,0.7333333333333333,8,22,0,14
o2_only_logreg,r1f0,1,0,45,13,0.9242788461538461,0.8434898434898435,0.0862863228496209,0.29085498164649454,0.8888888888888888,1.0,0.6153846153846154,0.7619047619047619,0.38461538461538464,0.0,32,0,5,8,0.12205825970148061,0.5555555555555556,0.3939393939393939,1.0,0.5652173913043478,0.0,0.625,12,20,0,13
o2_only_logreg,r1f1,1,1,67,26,0.7931519699812383,0.674552857882533,0.2061119419018718,0.5969264549589757,0.6119402985074627,0.0,0.0,0.0,1.0,0.0,41,0,26,0,0.14988747340605937,0.7164179104477612,0.5897435897435898,0.8846153846153846,0.7076923076923077,0.11538461538461539,0.3902439024390244,25,16,3,23
o2_only_logreg,r1f2,1,2,48,15,0.8282828282828283,0.7207251461988304,0.15283342358740104,0.47202911826642274,0.7708333333333334,0.6666666666666666,0.5333333333333333,0.5925925925925926,0.4666666666666667,0.12121212121212122,29,4,7,8,0.18930594956171434,0.6666666666666666,0.48,0.8,0.6,0.2,0.3939393939393939,20,13,3,12
o2_only_logreg,r1f3,1,3,47,13,0.7850678733031675,0.7481538851219702,0.11098717481806095,0.38138820257998446,0.8936170212765957,1.0,0.6153846153846154,0.7619047619047619,0.38461538461538464,0.0,34,0,5,8,0.15770822150878,0.5106382978723404,0.34375,0.8461538461538461,0.4888888888888889,0.15384615384615385,0.6176470588235294,13,21,2,11
o2_only_logreg,r1f4,1,4,45,13,0.7451923076923077,0.5271350271350272,0.2105282457850043,0.6163152592513871,0.6222222222222222,0.4090909090909091,0.6923076923076923,0.5142857142857142,0.3076923076923077,0.40625,19,13,4,9,0.16456919555153754,0.4666666666666667,0.35135135135135137,1.0,0.52,0.0,0.75,8,24,0,13
o2_only_logreg,r2f0,2,0,46,14,0.8337053571428572,0.7872079064183812,0.1164965471203218,0.39582870922619245,0.8695652173913043,1.0,0.5714285714285714,0.7272727272727273,0.42857142857142855,0.0,32,0,6,8,0.18198075434094074,0.6086956521739131,0.42857142857142855,0.8571428571428571,0.5714285714285714,0.14285714285714285,0.5,16,16,2,12
o2_only_logreg,r2f1,2,1,47,13,0.7861990950226245,0.6487497726859429,0.14925637170001016,0.47232644798650575,0.851063829787234,0.875,0.5384615384615384,0.6666666666666666,0.46153846153846156,0.029411764705882353,33,1,6,7,0.2094525292729105,0.7446808510638298,0.5333333333333333,0.6153846153846154,0.5714285714285714,0.38461538461538464,0.20588235294117646,27,7,5,8
o2_only_logreg,r2f2,2,2,67,24,0.7107558139534884,0.5235106850117096,0.20907207330777614,0.6096278643057845,0.6865671641791045,0.7142857142857143,0.20833333333333334,0.3225806451612903,0.7916666666666666,0.046511627906976744,41,2,19,5,0.12388668098399828,0.44776119402985076,0.39344262295081966,1.0,0.5647058823529412,0.0,0.8604651162790697,6,37,0,24
o2_only_logreg,r2f3,2,3,45,14,0.8986175115207373,0.8285822021116138,0.10055174494366838,0.3205266534965347,0.8222222222222222,0.65,0.9285714285714286,0.7647058823529411,0.07142857142857142,0.22580645161290322,24,7,1,13,0.15305548102442124,0.6888888888888889,0.5,0.9285714285714286,0.65,0.07142857142857142,0.41935483870967744,18,13,1,13
o2_only_logreg,r2f4,2,4,47,15,0.8583333333333334,0.7185676206509539,0.14701474076069213,0.44168907257151446,0.8085106382978723,1.0,0.4,0.5714285714285714,0.6,0.0,32,0,9,6,0.16486190137756496,0.6382978723404256,0.46875,1.0,0.6382978723404256,0.0,0.53125,15,17,0,15
o2_only_logreg,r3f0,3,0,67,24,0.8386627906976744,0.7168101092896175,0.15478134861385656,0.4677012718193847,0.7611940298507462,1.0,0.3333333333333333,0.5,0.6666666666666666,0.0,43,0,16,8,0.13654099998408928,0.6119402985074627,0.4782608695652174,0.9166666666666666,0.6285714285714286,0.08333333333333333,0.5581395348837209,19,24,2,22
o2_only_logreg,r3f1,3,1,45,14,0.8686635944700462,0.7927716727716727,0.13691717382321972,0.43511107063489707,0.8,0.7777777777777778,0.5,0.6086956521739131,0.5,0.06451612903225806,29,2,7,7,0.16146421078907114,0.8444444444444444,0.7333333333333333,0.7857142857142857,0.7586206896551724,0.21428571428571427,0.12903225806451613,27,4,3,11
o2_only_logreg,r3f2,3,2,46,14,0.7689732142857143,0.6416292041292041,0.1616345430621187,0.49924418990566105,0.8260869565217391,0.875,0.5,0.6363636363636364,0.5,0.03125,31,1,7,7,0.16681890033975,0.6521739130434783,0.45454545454545453,0.7142857142857143,0.5555555555555556,0.2857142857142857,0.375,20,12,4,10
o2_only_logreg,r3f3,3,3,45,14,0.8306451612903226,0.7701254826254826,0.1456625587436022,0.4349468696915063,0.7333333333333333,0.55,0.7857142857142857,0.6470588235294118,0.21428571428571427,0.2903225806451613,22,9,3,11,0.13945120037031017,0.4888888888888889,0.3783783783783784,1.0,0.5490196078431373,0.0,0.7419354838709677,8,23,0,14
o2_only_logreg,r3f4,3,4,49,14,0.8153061224489796,0.5720461261427647,0.16688857546539249,0.5139212480237839,0.7551020408163265,0.5625,0.6428571428571429,0.6,0.35714285714285715,0.2,28,7,5,9,0.14977598284323618,0.5918367346938775,0.4117647058823529,1.0,0.5833333333333334,0.0,0.5714285714285714,15,20,0,14
o2_only_logreg,r4f0,4,0,47,15,0.8010416666666667,0.7349747474747474,0.12626813096168504,0.4096532132455739,0.851063829787234,1.0,0.5333333333333333,0.6956521739130435,0.4666666666666667,0.0,32,0,7,8,0.18728419396884172,0.574468085106383,0.42424242424242425,0.9333333333333333,0.5833333333333334,0.06666666666666667,0.59375,13,19,1,14
o2_only_logreg,r4f1,4,1,47,14,0.8744588744588745,0.7883458646616541,0.13318453271757885,0.42794712502042237,0.8297872340425532,1.0,0.42857142857142855,0.6,0.5714285714285714,0.0,33,0,8,6,0.1448556969290212,0.7446808510638298,0.55,0.7857142857142857,0.6470588235294118,0.21428571428571427,0.2727272727272727,24,9,3,11
o2_only_logreg,r4f2,4,2,68,25,0.7516279069767441,0.5747727777217233,0.20447133981248525,0.5935307447448035,0.7058823529411765,0.7272727272727273,0.32,0.4444444444444444,0.68,0.06976744186046512,40,3,17,8,0.14697632820034495,0.6617647058823529,0.525,0.84,0.6461538461538462,0.16,0.4418604651162791,24,19,4,21
o2_only_logreg,r4f3,4,3,45,13,0.8942307692307693,0.8265836727375189,0.0915827791896475,0.3046997373498803,0.8888888888888888,1.0,0.6153846153846154,0.7619047619047619,0.38461538461538464,0.0,32,0,5,8,0.17652462595435228,0.5555555555555556,0.3939393939393939,1.0,0.5652173913043478,0.0,0.625,12,20,0,13
o2_only_logreg,r4f4,4,4,45,13,0.7920673076923077,0.5518124409527124,0.21225178433878555,0.6321340282402299,0.6222222222222222,0.42857142857142855,0.9230769230769231,0.5853658536585366,0.07692307692307693,0.5,16,16,1,12,0.1521906853174009,0.5333333333333333,0.38235294117647056,1.0,0.5531914893617021,0.0,0.65625,11,21,0,13
logreg,r0f0,0,0,47,13,0.9524886877828055,0.9297785547785544,0.08386981569590407,0.26074967520701664,0.8297872340425532,0.6470588235294118,0.8461538461538461,0.7333333333333333,0.15384615384615385,0.17647058823529413,28,6,2,11,0.17181673901659697,0.7021276595744681,0.48148148148148145,1.0,0.65,0.0,0.4117647058823529,20,14,0,13
logreg,r0f1,0,1,45,15,0.9777777777777779,0.9626797385620914,0.10994713469646003,0.3223097674607563,0.8222222222222222,1.0,0.4666666666666667,0.6363636363636364,0.5333333333333333,0.0,30,0,8,7,0.1313595437936135,0.8888888888888888,0.7777777777777778,0.9333333333333333,0.8484848484848485,0.06666666666666667,0.13333333333333333,26,4,1,14
logreg,r0f2,0,2,47,13,0.8710407239819005,0.7122565832859951,0.13523410995967652,0.4669724905582099,0.8085106382978723,0.7,0.5384615384615384,0.6086956521739131,0.46153846153846156,0.08823529411764706,31,3,6,7,0.16455533901204628,0.723404255319149,0.5,0.9230769230769231,0.6486486486486487,0.07692307692307693,0.35294117647058826,22,12,1,12
logreg,r0f3,0,3,69,25,0.8645454545454546,0.8426877244610709,0.12732009554905233,0.3913846520336097,0.8260869565217391,0.8823529411764706,0.6,0.7142857142857143,0.4,0.045454545454545456,42,2,10,15,0.25123983614631185,0.8115942028985508,0.75,0.72,0.7346938775510204,0.28,0.13636363636363635,38,6,7,18
logreg,r0f4,0,4,44,14,0.8857142857142857,0.833798185941043,0.12099954290972588,0.38547557145694694,0.8409090909090909,0.8888888888888888,0.5714285714285714,0.6956521739130435,0.42857142857142855,0.03333333333333333,29,1,6,8,0.17605036531317222,0.8181818181818182,0.6875,0.7857142857142857,0.7333333333333333,0.21428571428571427,0.16666666666666666,25,5,3,11
logreg,r1f0,1,0,45,13,0.9663461538461539,0.9366005511516344,0.07410456785408519,0.22956876703506937,0.8666666666666667,0.7692307692307693,0.7692307692307693,0.7692307692307693,0.23076923076923078,0.09375,29,3,3,10,0.18160151136301034,0.8444444444444444,0.6875,0.8461538461538461,0.7586206896551724,0.15384615384615385,0.15625,27,5,2,11
logreg,r1f1,1,1,67,26,0.9268292682926829,0.90754537153393,0.14775454576904926,0.43095673023551856,0.7611940298507462,1.0,0.38461538461538464,0.5555555555555556,0.6153846153846154,0.0,41,0,16,10,0.23215924878111832,0.8507462686567164,0.8636363636363636,0.7307692307692307,0.7916666666666666,0.2692307692307692,0.07317073170731707,38,3,7,19
logreg,r1f2,1,2,48,15,0.8828282828282829,0.8196707886679836,0.12854179327288315,0.39457657673447216,0.8541666666666666,0.7857142857142857,0.7333333333333333,0.7586206896551724,0.26666666666666666,0.09090909090909091,30,3,4,11,0.14700235964367106,0.7291666666666666,0.5416666666666666,0.8666666666666667,0.6666666666666666,0.13333333333333333,0.3333333333333333,22,11,2,13
logreg,r1f3,1,3,47,13,0.9886877828054299,0.972344322344322,0.04267797466829635,0.15190799833375074,0.9148936170212766,0.9090909090909091,0.7692307692307693,0.8333333333333334,0.23076923076923078,0.029411764705882353,33,1,3,10,0.11988951585447878,0.851063829787234,0.65,1.0,0.7878787878787878,0.0,0.20588235294117646,27,7,0,13
logreg,r1f4,1,4,45,13,0.8846153846153846,0.7578310578310579,0.13827370202699932,0.5044178885237969,0.8444444444444444,0.7142857142857143,0.7692307692307693,0.7407407407407407,0.23076923076923078,0.125,28,4,3,10,0.19690127902682308,0.5555555555555556,0.3939393939393939,1.0,0.5652173913043478,0.0,0.625,12,20,0,13
logreg,r2f0,2,0,46,14,0.9575892857142857,0.9273809523809522,0.0700256752175372,0.2287789648891683,0.8913043478260869,0.9090909090909091,0.7142857142857143,0.8,0.2857142857142857,0.03125,31,1,4,10,0.16830766759360344,0.8478260869565217,0.7333333333333333,0.7857142857142857,0.7586206896551724,0.21428571428571427,0.125,28,4,3,11
logreg,r2f1,2,1,47,13,0.9841628959276018,0.9541838503376963,0.09110047201249598,0.27840959689677003,0.851063829787234,1.0,0.46153846153846156,0.631578947368421,0.5384615384615384,0.0,34,0,7,6,0.149243495241537,0.9361702127659575,0.8125,1.0,0.896551724137931,0.0,0.08823529411764706,31,3,0,13
logreg,r2f2,2,2,67,24,0.8420542635658915,0.7490790082305636,0.14361733480383648,0.4985811461338195,0.8507462686567164,0.85,0.7083333333333334,0.7727272727272727,0.2916666666666667,0.06976744186046512,40,3,7,17,0.2701127614659033,0.7014925373134329,0.5526315789473685,0.875,0.6774193548387096,0.125,0.3953488372093023,26,17,3,21
logreg,r2f3,2,3,45,14,0.9516129032258065,0.9308132343846629,0.08406617134524276,0.24734584151007227,0.8666666666666667,0.75,0.8571428571428571,0.8,0.14285714285714285,0.12903225806451613,27,4,2,12,0.13297929765044755,0.7777777777777778,0.5833333333333334,1.0,0.7368421052631579,0.0,0.3225806451612903,21,10,0,14
logreg,r2f4,2,4,47,15,0.8979166666666667,0.8112521487227369,0.1318352431217798,0.3828244536543324,0.8297872340425532,0.8888888888888888,0.5333333333333333,0.6666666666666666,0.4666666666666667,0.03125,31,1,7,8,0.1687440090081914,0.7659574468085106,0.5769230769230769,1.0,0.7317073170731707,0.0,0.34375,21,11,0,15
logreg,r3f0,3,0,67,24,0.9331395348837209,0.9043456670072492,0.10277298375440734,0.31743694014415286,0.8208955223880597,0.875,0.5833333333333334,0.7,0.4166666666666667,0.046511627906976744,41,2,10,14,0.18032791166262377,0.835820895522388,0.7241379310344828,0.875,0.7924528301886793,0.125,0.18604651162790697,35,8,3,21
logreg,r3f1,3,1,45,14,0.9700460829493087,0.9401235512607691,0.09172673945466846,0.27529548645661633,0.8666666666666667,0.9,0.6428571428571429,0.75,0.35714285714285715,0.03225806451612903,30,1,5,9,0.135991412717386,0.8444444444444444,0.6666666666666666,1.0,0.8,0.0,0.22580645161290322,24,7,0,14
logreg,r3f2,3,2,46,14,0.8348214285714286,0.7468655657734854,0.14296081107967967,0.4386578135710093,0.782608695652174,0.6666666666666666,0.5714285714285714,0.6153846153846154,0.42857142857142855,0.125,28,4,6,8,0.26176831856279914,0.7608695652173914,0.5789473684210527,0.7857142857142857,0.6666666666666666,0.21428571428571427,0.25,24,8,3,11
logreg,r3f3,3,3,45,14,0.9493087557603686,0.913157894736842,0.0787296729120549,0.25076184594741247,0.8444444444444444,0.7692307692307693,0.7142857142857143,0.7407407407407407,0.2857142857142857,0.0967741935483871,28,3,4,10,0.1874462304163641,0.7555555555555555,0.56,1.0,0.717948717948718,0.0,0.3548387096774194,20,11,0,14
logreg,r3f4,3,4,49,14,0.8714285714285713,0.7474376249666255,0.13049636254340927,0.47222768002041854,0.8571428571428571,0.7333333333333333,0.7857142857142857,0.7586206896551724,0.21428571428571427,0.11428571428571428,31,4,3,11,0.24872651935234125,0.7346938775510204,0.5238095238095238,0.7857142857142857,0.6285714285714286,0.21428571428571427,0.2857142857142857,25,10,3,11
logreg,r4f0,4,0,47,15,0.9354166666666667,0.9192882775119617,0.07591932263943585,0.2639583422571065,0.9148936170212766,0.9230769230769231,0.8,0.8571428571428571,0.2,0.03125,31,1,3,12,0.15255300612425177,0.6382978723404256,0.46875,1.0,0.6382978723404256,0.0,0.53125,15,17,0,15
logreg,r4f1,4,1,47,14,0.9913419913419914,0.9815476190476189,0.08098193760236173,0.23774749092952424,0.8723404255319149,1.0,0.5714285714285714,0.7272727272727273,0.42857142857142855,0.0,33,0,6,8,0.1525301004624192,0.9148936170212766,0.7777777777777778,1.0,0.875,0.0,0.12121212121212122,29,4,0,14
logreg,r4f2,4,2,68,25,0.8520930232558139,0.7881771339744933,0.16639501405085003,0.4914281312941399,0.75,0.7857142857142857,0.44,0.5641025641025641,0.56,0.06976744186046512,40,3,14,11,0.23876275095557278,0.7794117647058824,0.7083333333333334,0.68,0.6938775510204082,0.32,0.16279069767441862,36,7,8,17
logreg,r4f3,4,3,45,13,0.9783653846153846,0.954681517577445,0.056519641502466016,0.1884244412673154,0.9111111111111111,0.9090909090909091,0.7692307692307693,0.8333333333333334,0.23076923076923078,0.03125,31,1,3,10,0.2246480166195678,0.9111111111111111,0.8461538461538461,0.8461538461538461,0.8461538461538461,0.15384615384615385,0.0625,30,2,2,11
logreg,r4f4,4,4,45,13,0.8894230769230769,0.7523147857891119,0.15931922495903017,0.5314598486949139,0.7111111111111111,0.5,0.8461538461538461,0.6285714285714286,0.15384615384615385,0.34375,21,11,2,11,0.2257045855214913,0.6888888888888889,0.48148148148148145,1.0,0.65,0.0,0.4375,18,14,0,13
random_forest,r0f0,0,0,47,13,0.9479638009049773,0.8984992632589883,0.09962820300047384,0.32574185786895565,0.851063829787234,0.6875,0.8461538461538461,0.7586206896551724,0.15384615384615385,0.14705882352941177,29,5,2,11,0.20805619462237115,0.7446808510638298,0.52,1.0,0.6842105263157895,0.0,0.35294117647058826,22,12,0,13
random_forest,r0f1,0,1,45,15,0.9444444444444444,0.9085476669300198,0.14745552639056086,0.4354881161031834,0.7555555555555555,1.0,0.26666666666666666,0.42105263157894735,0.7333333333333333,0.0,30,0,11,4,0.20836486960751674,0.8666666666666667,0.8,0.8,0.8,0.2,0.1,27,3,3,12
random_forest,r0f2,0,2,47,13,0.8597285067873303,0.7105111313806967,0.13160017571460497,0.3928425374506425,0.7872340425531915,0.6153846153846154,0.6153846153846154,0.6153846153846154,0.38461538461538464,0.14705882352941177,29,5,5,8,0.20073868396167632,0.723404255319149,0.5,1.0,0.6666666666666666,0.0,0.38235294117647056,21,13,0,13
random_forest,r0f3,0,3,69,25,0.8263636363636364,0.7778279567375483,0.16152332207487555,0.48200225015987747,0.7536231884057971,0.8333333333333334,0.4,0.5405405405405406,0.6,0.045454545454545456,42,2,15,10,0.1834911302250687,0.5652173913043478,0.4528301886792453,0.96,0.6153846153846154,0.04,0.6590909090909091,15,29,1,24
random_forest,r0f4,0,4,44,14,0.8261904761904763,0.8072048241403079,0.13743155046806843,0.4488136138811884,0.8181818181818182,0.8,0.5714285714285714,0.6666666666666666,0.42857142857142855,0.06666666666666667,28,2,6,8,0.1953560476749737,0.7045454545454546,0.5238095238095238,0.7857142857142857,0.6285714285714286,0.21428571428571427,0.3333333333333333,20,10,3,11
random_forest,r1f0,1,0,45,13,0.8846153846153846,0.8684347488901567,0.08607536627876967,0.31067456049165726,0.9111111111111111,0.9090909090909091,0.7692307692307693,0.8333333333333334,0.23076923076923078,0.03125,31,1,3,10,0.23734714507174212,0.7777777777777778,0.5789473684210527,0.8461538461538461,0.6875,0.15384615384615385,0.25,24,8,2,11
random_forest,r1f1,1,1,67,26,0.850844277673546,0.8029186277890494,0.18959522042118776,0.5385822828603095,0.6865671641791045,1.0,0.19230769230769232,0.3225806451612903,0.8076923076923077,0.0,41,0,21,5,0.13793223247340902,0.7014925373134329,0.5652173913043478,1.0,0.7222222222222222,0.0,0.4878048780487805,21,20,0,26
random_forest,r1f2,1,2,48,15,0.8444444444444444,0.7817077983744649,0.14969426600203864,0.4610353950309558,0.7916666666666666,0.6666666666666666,0.6666666666666666,0.6666666666666666,0.3333333333333333,0.15151515151515152,28,5,5,10,0.21534209453810227,0.7291666666666666,0.5454545454545454,0.8,0.6486486486486487,0.2,0.30303030303030304,23,10,3,12
random_forest,r1f3,1,3,47,13,0.9457013574660633,0.8921437338560461,0.09100272238954436,0.29878401756531237,0.8723404255319149,0.7692307692307693,0.7692307692307693,0.7692307692307693,0.23076923076923078,0.08823529411764706,31,3,3,10,0.2354768800089098,0.7659574468085106,0.5416666666666666,1.0,0.7027027027027027,0.0,0.3235294117647059,23,11,0,13
random_forest,r1f4,1,4,45,13,0.8774038461538461,0.7414766237346881,0.15224248549607333,0.46213195117722744,0.7777777777777778,0.5882352941176471,0.7692307692307693,0.6666666666666666,0.23076923076923078,0.21875,25,7,3,10,0.276355403371425,0.6,0.41379310344827586,0.9230769230769231,0.5714285714285714,0.07692307692307693,0.53125,15,17,1,12
random_forest,r2f0,2,0,46,14,0.9107142857142857,0.8858796296296296,0.09045511204749031,0.31827813463362375,0.9130434782608695,1.0,0.7142857142857143,0.8333333333333334,0.2857142857142857,0.0,32,0,4,10,0.19114827925653705,0.8043478260869565,0.631578947368421,0.8571428571428571,0.7272727272727273,0.14285714285714285,0.21875,25,7,2,12
random_forest,r2f1,2,1,47,13,0.9547511312217195,0.8946581196581194,0.11454036222593642,0.35477882951213335,0.8297872340425532,1.0,0.38461538461538464,0.5555555555555556,0.6153846153846154,0.0,34,0,8,5,0.20867451291698386,0.851063829787234,0.65,1.0,0.7878787878787878,0.0,0.20588235294117646,27,7,0,13
random_forest,r2f2,2,2,67,24,0.7955426356589149,0.7241007846057318,0.17131981069239208,0.5166801653827333,0.7611940298507462,0.75,0.5,0.6,0.5,0.09302325581395349,39,4,12,12,0.2653766439234524,0.7014925373134329,0.5526315789473685,0.875,0.6774193548387096,0.125,0.3953488372093023,26,17,3,21
random_forest,r2f3,2,3,45,14,0.9308755760368664,0.8872297474781945,0.12075959186142261,0.35736369936914986,0.8,0.631578947368421,0.8571428571428571,0.7272727272727273,0.14285714285714285,0.22580645161290322,24,7,2,12,0.23714935661288591,0.7555555555555555,0.5714285714285714,0.8571428571428571,0.6857142857142857,0.14285714285714285,0.2903225806451613,22,9,2,12
random_forest,r2f4,2,4,47,15,0.86875,0.7742977101747716,0.14424569919879252,0.43156883112447375,0.7446808510638298,0.8,0.26666666666666666,0.4,0.7333333333333333,0.03125,31,1,11,4,0.16311585056717667,0.7021276595744681,0.5185185185185185,0.9333333333333333,0.6666666666666666,0.06666666666666667,0.40625,19,13,1,14
random_forest,r3f0,3,0,67,24,0.9079457364341085,0.8719233785106831,0.12694161905367599,0.3912566629744368,0.835820895522388,1.0,0.5416666666666666,0.7027027027027027,0.4583333333333333,0.0,43,0,11,13,0.21892262644762658,0.746268656716418,0.5945945945945946,0.9166666666666666,0.7213114754098361,0.08333333333333333,0.3488372093023256,28,15,2,22
random_forest,r3f1,3,1,45,14,0.900921658986175,0.7811778499278499,0.1400984143971539,0.42155440332232325,0.7555555555555555,0.8,0.2857142857142857,0.42105263157894735,0.7142857142857143,0.03225806451612903,30,1,10,4,0.21793139811012338,0.8,0.631578947368421,0.8571428571428571,0.7272727272727273,0.14285714285714285,0.22580645161290322,24,7,2,12
random_forest,r3f2,3,2,46,14,0.8392857142857143,0.7617719815198806,0.14326805461830902,0.45341466667126795,0.8043478260869565,0.7777777777777778,0.5,0.6086956521739131,0.5,0.0625,30,2,7,7,0.19058743084872118,0.6521739130434783,0.4642857142857143,0.9285714285714286,0.6190476190476191,0.07142857142857142,0.46875,17,15,1,13
random_forest,r3f3,3,3,45,14,0.9055299539170507,0.8614462323390895,0.12639712527952263,0.383816915689628,0.7555555555555555,0.5789473684210527,0.7857142857142857,0.6666666666666666,0.21428571428571427,0.25806451612903225,23,8,3,11,0.22334590409590419,0.6666666666666666,0.4827586206896552,1.0,0.6511627906976745,0.0,0.4838709677419355,16,15,0,14
random_forest,r3f4,3,4,49,14,0.736734693877551,0.5849114496411232,0.17122343999377254,0.5234095267523757,0.7755102040816326,0.6,0.6428571428571429,0.6206896551724138,0.35714285714285715,0.17142857142857143,29,6,5,9,0.22117458674796134,0.7142857142857143,0.5,0.7142857142857143,0.5882352941176471,0.2857142857142857,0.2857142857142857,25,10,4,10
random_forest,r4f0,4,0,47,15,0.9333333333333333,0.9111396011396011,0.10020941243333828,0.3374800332252169,0.9148936170212766,1.0,0.7333333333333333,0.8461538461538461,0.26666666666666666,0.0,32,0,4,11,0.18098632903044662,0.6808510638297872,0.5,1.0,0.6666666666666666,0.0,0.46875,17,15,0,15
random_forest,r4f1,4,1,47,14,0.9718614718614719,0.9470760233918127,0.11543298657927385,0.35928825812980697,0.7659574468085106,1.0,0.21428571428571427,0.35294117647058826,0.7857142857142857,0.0,33,0,11,3,0.26545122044330977,0.8936170212765957,0.8461538461538461,0.7857142857142857,0.8148148148148148,0.21428571428571427,0.06060606060606061,31,2,3,11
random_forest,r4f2,4,2,68,25,0.7832558139534883,0.7137637144295318,0.18112649122933022,0.5305564173981843,0.7352941176470589,0.8181818181818182,0.36,0.5,0.64,0.046511627906976744,41,2,16,9,0.22727175481523296,0.6617647058823529,0.5238095238095238,0.88,0.6567164179104478,0.12,0.46511627906976744,23,20,3,22
random_forest,r4f3,4,3,45,13,0.9471153846153846,0.9124413598097807,0.07035048889578009,0.25389445071341005,0.9333333333333333,1.0,0.7692307692307693,0.8695652173913043,0.23076923076923078,0.0,32,0,3,10,0.17679484511017032,0.8,0.5909090909090909,1.0,0.7428571428571429,0.0,0.28125,23,9,0,13
random_forest,r4f4,4,4,45,13,0.764423076923077,0.5033199369231758,0.19878307797929695,0.5575699676928542,0.6222222222222222,0.4230769230769231,0.8461538461538461,0.5641025641025641,0.15384615384615385,0.46875,17,15,2,11,0.19789697582377025,0.6444444444444445,0.4482758620689655,1.0,0.6190476190476191,0.0,0.5,16,16,0,13
xgboost,r0f0,0,0,47,13,0.9411764705882353,0.8607819530896452,0.10150665789842606,0.32496050000190735,0.851063829787234,0.6875,0.8461538461538461,0.7586206896551724,0.15384615384615385,0.14705882352941177,29,5,2,11,0.10342471301555634,0.7446808510638298,0.52,1.0,0.6842105263157895,0.0,0.35294117647058826,22,12,0,13
xgboost,r0f1,0,1,45,15,0.94,0.893911130373642,0.13251885771751404,0.4011600911617279,0.8222222222222222,1.0,0.4666666666666667,0.6363636363636364,0.5333333333333333,0.0,30,0,8,7,0.1391683965921402,0.8666666666666667,0.8,0.8,0.8,0.2,0.1,27,3,3,12
xgboost,r0f2,0,2,47,13,0.839366515837104,0.676078790217586,0.18256767094135284,0.5234434604644775,0.7446808510638298,0.5294117647058824,0.6923076923076923,0.6,0.3076923076923077,0.23529411764705882,26,8,4,9,0.23231272399425507,0.6595744680851063,0.42857142857142855,0.6923076923076923,0.5294117647058824,0.3076923076923077,0.35294117647058826,22,12,4,9
xgboost,r0f3,0,3,69,25,0.8336363636363636,0.7983869540147679,0.1513807475566864,0.451717734336853,0.8115942028985508,0.8,0.64,0.7111111111111111,0.36,0.09090909090909091,40,4,9,16,0.2173432558774948,0.6811594202898551,0.5384615384615384,0.84,0.65625,0.16,0.4090909090909091,26,18,4,21
xgboost,r0f4,0,4,44,14,0.8857142857142858,0.8503493985006589,0.12155342847108841,0.41551491618156433,0.8409090909090909,0.8888888888888888,0.5714285714285714,0.6956521739130435,0.42857142857142855,0.03333333333333333,29,1,6,8,0.12925948202610016,0.7954545454545454,0.6470588235294118,0.7857142857142857,0.7096774193548387,0.21428571428571427,0.2,24,6,3,11
xgboost,r1f0,1,0,45,13,0.9206730769230769,0.8697163947163946,0.08725155889987946,0.2977268397808075,0.9111111111111111,0.9090909090909091,0.7692307692307693,0.8333333333333334,0.23076923076923078,0.03125,31,1,3,10,0.1539277881383896,0.8444444444444444,0.7142857142857143,0.7692307692307693,0.7407407407407407,0.23076923076923078,0.125,28,4,3,10
xgboost,r1f1,1,1,67,26,0.8536585365853658,0.7736943832904827,0.17706382274627686,0.5033102035522461,0.7313432835820896,0.75,0.46153846153846156,0.5714285714285714,0.5384615384615384,0.0975609756097561,37,4,14,12,0.05815691128373146,0.7014925373134329,0.5652173913043478,1.0,0.7222222222222222,0.0,0.4878048780487805,21,20,0,26
xgboost,r1f2,1,2,48,15,0.8484848484848485,0.7453732722958729,0.1662619709968567,0.5484907031059265,0.7708333333333334,0.625,0.6666666666666666,0.6451612903225806,0.3333333333333333,0.18181818181818182,27,6,5,10,0.10671956837177277,0.6875,0.5,0.8,0.6153846153846154,0.2,0.36363636363636365,21,12,3,12
xgboost,r1f3,1,3,47,13,0.9434389140271493,0.8789123071630809,0.08851217478513718,0.26475581526756287,0.8723404255319149,0.7692307692307693,0.7692307692307693,0.7692307692307693,0.23076923076923078,0.08823529411764706,31,3,3,10,0.18271653354167938,0.8297872340425532,0.6190476190476191,1.0,0.7647058823529411,0.0,0.23529411764705882,26,8,0,13
xgboost,r1f4,1,4,45,13,0.8629807692307693,0.7159165874565245,0.16050469875335693,0.47951003909111023,0.7777777777777778,0.5789473684210527,0.8461538461538461,0.6875,0.15384615384615385,0.25,24,8,2,11,0.232977956533432,0.6222222222222222,0.42857142857142855,0.9230769230769231,0.5853658536585366,0.07692307692307693,0.5,16,16,1,12
xgboost,r2f0,2,0,46,14,0.953125,0.9180272108843537,0.08639703691005707,0.2894962430000305,0.9130434782608695,1.0,0.7142857142857143,0.8333333333333334,0.2857142857142857,0.0,32,0,4,10,0.07734786719083786,0.8478260869565217,0.7058823529411765,0.8571428571428571,0.7741935483870968,0.14285714285714285,0.15625,27,5,2,12
xgboost,r2f1,2,1,47,13,0.8959276018099547,0.7709578433262643,0.1404035985469818,0.40043607354164124,0.8085106382978723,0.8333333333333334,0.38461538461538464,0.5263157894736842,0.6153846153846154,0.029411764705882353,33,1,8,5,0.162793830037117,0.8085106382978723,0.625,0.7692307692307693,0.6896551724137931,0.23076923076923078,0.17647058823529413,28,6,3,10
xgboost,r2f2,2,2,67,24,0.8236434108527133,0.7409645934056013,0.17460691928863525,0.5444645881652832,0.7761194029850746,0.6551724137931034,0.7916666666666666,0.7169811320754716,0.20833333333333334,0.23255813953488372,33,10,5,19,0.10211782157421112,0.582089552238806,0.46,0.9583333333333334,0.6216216216216216,0.041666666666666664,0.627906976744186,16,27,1,23
xgboost,r2f3,2,3,45,14,0.9101382488479263,0.8028835381319852,0.14241847395896912,0.45923858880996704,0.8,0.6470588235294118,0.7857142857142857,0.7096774193548387,0.21428571428571427,0.1935483870967742,25,6,3,11,0.12004579603672028,0.8,0.6190476190476191,0.9285714285714286,0.7428571428571429,0.07142857142857142,0.25806451612903225,23,8,1,13
xgboost,r2f4,2,4,47,15,0.8979166666666667,0.8370971138362442,0.11754444986581802,0.3540157675743103,0.8297872340425532,0.7692307692307693,0.6666666666666666,0.7142857142857143,0.3333333333333333,0.09375,29,3,5,10,0.13444074988365173,0.723404255319149,0.5357142857142857,1.0,0.6976744186046512,0.0,0.40625,19,13,0,15
xgboost,r3f0,3,0,67,24,0.9127906976744186,0.8862065990743813,0.11311981081962585,0.3516915738582611,0.8208955223880597,0.7727272727272727,0.7083333333333334,0.7391304347826086,0.2916666666666667,0.11627906976744186,38,5,7,17,0.13764283061027527,0.7014925373134329,0.5526315789473685,0.875,0.6774193548387096,0.125,0.3953488372093023,26,17,3,21
xgboost,r3f1,3,1,45,14,0.9285714285714286,0.8687301236283986,0.11701610684394836,0.348730206489563,0.8444444444444444,1.0,0.5,0.6666666666666666,0.5,0.0,31,0,7,7,0.18931706249713898,0.8222222222222222,0.7142857142857143,0.7142857142857143,0.7142857142857143,0.2857142857142857,0.12903225806451613,27,4,4,10
xgboost,r3f2,3,2,46,14,0.8616071428571428,0.7970012221055224,0.1324407309293747,0.4469379782676697,0.8043478260869565,0.7777777777777778,0.5,0.6086956521739131,0.5,0.0625,30,2,7,7,0.12172133475542068,0.6956521739130435,0.5,0.8571428571428571,0.631578947368421,0.14285714285714285,0.375,20,12,2,12
xgboost,r3f3,3,3,45,14,0.8940092165898618,0.8569648437795585,0.14776618778705597,0.43049681186676025,0.7777777777777778,0.6,0.8571428571428571,0.7058823529411765,0.14285714285714285,0.25806451612903225,23,8,2,12,0.23500730097293854,0.6666666666666666,0.48,0.8571428571428571,0.6153846153846154,0.14285714285714285,0.41935483870967744,18,13,2,12
xgboost,r3f4,3,4,49,14,0.7877551020408163,0.5445466168589735,0.18691961467266083,0.5825526118278503,0.7959183673469388,0.6428571428571429,0.6428571428571429,0.6428571428571429,0.35714285714285715,0.14285714285714285,30,5,5,9,0.12968319654464722,0.6938775510204082,0.4782608695652174,0.7857142857142857,0.5945945945945946,0.21428571428571427,0.34285714285714286,23,12,3,11
xgboost,r4f0,4,0,47,15,0.91875,0.8751731793111103,0.0990091860294342,0.30874890089035034,0.8297872340425532,0.7692307692307693,0.6666666666666666,0.7142857142857143,0.3333333333333333,0.09375,29,3,5,10,0.14996154606342316,0.6808510638297872,0.5,0.9333333333333333,0.6511627906976745,0.06666666666666667,0.4375,18,14,1,14
xgboost,r4f1,4,1,47,14,0.9805194805194806,0.9621553884711778,0.09509162604808807,0.27942362427711487,0.851063829787234,1.0,0.5,0.6666666666666666,0.5,0.0,33,0,7,7,0.11938324570655823,0.8936170212765957,0.7368421052631579,1.0,0.8484848484848485,0.0,0.15151515151515152,28,5,0,14
xgboost,r4f2,4,2,68,25,0.8144186046511627,0.7253071899079135,0.16929635405540466,0.5219964385032654,0.7058823529411765,0.5925925925925926,0.64,0.6153846153846154,0.36,0.2558139534883721,32,11,9,16,0.09560845047235489,0.6323529411764706,0.5,0.96,0.6575342465753424,0.04,0.5581395348837209,19,24,1,24
xgboost,r4f3,4,3,45,13,0.96875,0.9412497481085238,0.06686653941869736,0.23774287104606628,0.9333333333333333,1.0,0.7692307692307693,0.8695652173913043,0.23076923076923078,0.0,32,0,3,10,0.10251356661319733,0.9111111111111111,0.8461538461538461,0.8461538461538461,0.8461538461538461,0.15384615384615385,0.0625,30,2,2,11
xgboost,r4f4,4,4,45,13,0.7379807692307692,0.4547338256772181,0.24153906106948853,0.6951913237571716,0.6666666666666666,0.4583333333333333,0.8461538461538461,0.5945945945945946,0.15384615384615385,0.40625,19,13,2,11,0.2075025588274002,0.6444444444444445,0.4444444444444444,0.9230769230769231,0.6,0.07692307692307693,0.46875,17,15,1,12
