model,metric,grouped_mean,grouped_sd,ungrouped_mean,ungrouped_sd,ungrouped_minus_grouped
o2_only_logreg,roc_auc,0.821020180045632,0.05487799126914943,0.8300168067226892,0.04674072124294184,0.00899662667705714
o2_only_logreg,pr_auc,0.6987144663971905,0.10556975746284925,0.7174690763754782,0.08567437912470541,0.018754609978287706
o2_only_logreg,brier,0.151675394536209,0.03894653858320345,0.15016788302867712,0.023300349261681442,-0.0015075115075318946
logreg,roc_auc,0.9215837733474698,0.05043504858084966,0.9269957983193277,0.033481892265772854,0.005412024971857887
logreg,pr_auc,0.8678336684103958,0.08739322384237794,0.8727509512083157,0.06406531178650418,0.00491728279791992
logreg,brier,0.10860759557605551,0.033950311715397356,0.10088224585639159,0.021327906099028217,-0.007725349719663918
random_forest,roc_auc,0.8783496256745316,0.06464109133357364,0.9033781512605041,0.03681113177649019,0.025028525585972572
random_forest,pr_auc,0.8081763957708377,0.10700123735551091,0.8513155020811414,0.055098770919784504,0.04313910631030371
random_forest,brier,0.1344560209888674,0.03383017485721155,0.11684646466301858,0.018530840255192246,-0.017609556325848805
xgboost,roc_auc,0.8862013260535817,0.059268843207136934,0.9035546218487396,0.04146271310554106,0.017353295795157875
xgboost,pr_auc,0.8018048083050351,0.11711000085168896,0.8405117931904023,0.06402304463747782,0.03870698488536717
xgboost,brier,0.13598229140043258,0.04067046124407433,0.1179271548986435,0.024829120512323572,-0.018055136501789082
