model,repeat,roc_auc,pr_auc,brier,log_loss,accuracy@0.5,precision@0.5,recall@0.5,f1@0.5,false_negative_rate@0.5,false_positive_rate@0.5,tn@0.5,fp@0.5,fn@0.5,tp@0.5,accuracy@safe,precision@safe,recall@safe,f1@safe,false_negative_rate@safe,false_positive_rate@safe,tn@safe,fp@safe,fn@safe,tp@safe
logreg,0,0.9005813953488373,0.8189732560243723,0.11648639701613309,0.3677513788139857,0.8253968253968254,0.8,0.6,0.6857142857142857,0.4,0.06976744186046512,160,12,32,48,0.7896825396825397,0.6238532110091743,0.85,0.7195767195767195,0.15,0.23837209302325582,131,41,12,68
logreg,1,0.9111191860465117,0.8353553086251958,0.10965256983207708,0.3491383017098003,0.8412698412698413,0.8225806451612904,0.6375,0.7183098591549296,0.3625,0.06395348837209303,161,11,29,51,0.7738095238095238,0.6,0.8625,0.7076923076923077,0.1375,0.26744186046511625,126,46,11,69
logreg,2,0.9125,0.8371473772247993,0.10755753497504222,0.34181481118937584,0.8571428571428571,0.8548387096774194,0.6625,0.7464788732394366,0.3375,0.05232558139534884,163,9,27,53,0.7976190476190477,0.6218487394957983,0.925,0.7437185929648241,0.075,0.2616279069767442,127,45,6,74
logreg,3,0.9109738372093024,0.8339958453778876,0.10923352199341337,0.35023123290915265,0.8333333333333334,0.7878787878787878,0.65,0.7123287671232876,0.35,0.08139534883720931,158,14,28,52,0.7896825396825397,0.6173913043478261,0.8875,0.7282051282051282,0.1125,0.2558139534883721,128,44,9,71
logreg,4,0.9098837209302326,0.8268294864227431,0.1127062268951969,0.35473047673045033,0.8253968253968254,0.7647058823529411,0.65,0.7027027027027027,0.35,0.09302325581395349,156,16,28,52,0.7857142857142857,0.6140350877192983,0.875,0.7216494845360825,0.125,0.2558139534883721,128,44,10,70
majority_baseline,0,0.4555959302325581,0.29617706292517865,0.21751318807497086,0.6268769244359441,0.6825396825396826,0.0,0.0,0.0,1.0,0.0,172,0,80,0,0.31746031746031744,0.31746031746031744,1.0,0.4819277108433735,0.0,1.0,0,172,0,80
majority_baseline,1,0.44814680232558135,0.2953693895901537,0.21811512524703935,0.628313030142479,0.6825396825396826,0.0,0.0,0.0,1.0,0.0,172,0,80,0,0.31746031746031744,0.31746031746031744,1.0,0.4819277108433735,0.0,1.0,0,172,0,80
majority_baseline,2,0.4644622093023256,0.29974086574158193,0.21723544189544142,0.6262325833095409,0.6825396825396826,0.0,0.0,0.0,1.0,0.0,172,0,80,0,0.31746031746031744,0.31746031746031744,1.0,0.4819277108433735,0.0,1.0,0,172,0,80
majority_baseline,3,0.4683866279069767,0.30276298855246225,0.21718547730027765,0.6261185942932359,0.6825396825396826,0.0,0.0,0.0,1.0,0.0,172,0,80,0,0.31746031746031744,0.31746031746031744,1.0,0.4819277108433735,0.0,1.0,0,172,0,80
majority_baseline,4,0.46101017441860465,0.3002363242583609,0.21745182486541367,0.626744849314148,0.6825396825396826,0.0,0.0,0.0,1.0,0.0,172,0,80,0,0.31746031746031744,0.31746031746031744,1.0,0.4819277108433735,0.0,1.0,0,172,0,80
o2_only_logreg,0,0.8088299418604651,0.6701909457318401,0.15434216820150423,0.47888720376091604,0.7698412698412699,0.6896551724137931,0.5,0.5797101449275363,0.5,0.10465116279069768,154,18,40,40,0.5714285714285714,0.41954022988505746,0.9125,0.5748031496062992,0.0875,0.5872093023255814,71,101,7,73
o2_only_logreg,1,0.7992732558139536,0.6816939389979788,0.1576133223993161,0.48174355762183974,0.746031746031746,0.66,0.4125,0.5076923076923077,0.5875,0.09883720930232558,155,17,47,33,0.5952380952380952,0.43373493975903615,0.9,0.5853658536585366,0.1,0.5465116279069767,78,94,8,72
o2_only_logreg,2,0.8168241279069768,0.7081093320650209,0.15006444796537258,0.4620460968510453,0.7976190476190477,0.7959183673469388,0.4875,0.6046511627906976,0.5125,0.05813953488372093,162,10,41,39,0.6111111111111112,0.4444444444444444,0.9,0.5950413223140496,0.1,0.5232558139534884,82,90,8,72
o2_only_logreg,3,0.8173691860465114,0.7032709612641127,0.15356812500514708,0.47077764450560616,0.7738095238095238,0.6885245901639344,0.525,0.5957446808510638,0.475,0.11046511627906977,153,19,38,42,0.6349206349206349,0.461038961038961,0.8875,0.6068376068376068,0.1125,0.48255813953488375,89,83,9,71
o2_only_logreg,4,0.8066133720930233,0.6834577874900295,0.15782095896410273,0.4836699444154898,0.7738095238095238,0.6885245901639344,0.525,0.5957446808510638,0.475,0.11046511627906977,153,19,38,42,0.6190476190476191,0.45,0.9,0.6,0.1,0.5116279069767442,84,88,8,72
random_forest,0,0.864389534883721,0.7657176895304065,0.13767988067835465,0.42212851617646113,0.7896825396825397,0.7454545454545455,0.5125,0.6074074074074074,0.4875,0.08139534883720931,158,14,39,41,0.7063492063492064,0.5214285714285715,0.9125,0.6636363636363637,0.0875,0.38953488372093026,105,67,7,73
random_forest,1,0.8565406976744186,0.7693606295487956,0.13845093578767442,0.42473751493569883,0.7976190476190477,0.7377049180327869,0.5625,0.6382978723404256,0.4375,0.09302325581395349,156,16,35,45,0.7142857142857143,0.5285714285714286,0.925,0.6727272727272727,0.075,0.38372093023255816,106,66,6,74
random_forest,2,0.8793604651162791,0.7801741542729996,0.1318908293305599,0.40594472934651626,0.8055555555555556,0.7818181818181819,0.5375,0.6370370370370371,0.4625,0.06976744186046512,160,12,37,43,0.7579365079365079,0.576,0.9,0.7024390243902439,0.1,0.3081395348837209,119,53,8,72
random_forest,3,0.8553779069767442,0.7548381879291799,0.1407843921991421,0.43238113989115,0.7896825396825397,0.7213114754098361,0.55,0.624113475177305,0.45,0.09883720930232558,155,17,36,44,0.7182539682539683,0.5338345864661654,0.8875,0.6666666666666666,0.1125,0.36046511627906974,110,62,9,71
random_forest,4,0.8710029069767442,0.7504641742700067,0.1371539867720861,0.418023194067637,0.7896825396825397,0.7213114754098361,0.55,0.624113475177305,0.45,0.09883720930232558,155,17,36,44,0.7301587301587301,0.5441176470588235,0.925,0.6851851851851852,0.075,0.36046511627906974,110,62,6,74
xgboost,0,0.8723110465116279,0.7816034532334669,0.13931930910731946,0.4261046327241356,0.8134920634920635,0.7391304347826086,0.6375,0.6845637583892618,0.3625,0.10465116279069768,154,18,29,51,0.7420634920634921,0.5641025641025641,0.825,0.6700507614213198,0.175,0.29651162790697677,121,51,14,66
xgboost,1,0.8744186046511628,0.7738932063005945,0.1394958580438215,0.4264623641441894,0.8055555555555556,0.7066666666666667,0.6625,0.6838709677419355,0.3375,0.12790697674418605,150,22,27,53,0.7341269841269841,0.5488721804511278,0.9125,0.6854460093896714,0.0875,0.3488372093023256,112,60,7,73
xgboost,2,0.8796511627906978,0.7577704354737572,0.1357353821094625,0.42032114093038986,0.8214285714285714,0.7333333333333333,0.6875,0.7096774193548387,0.3125,0.11627906976744186,152,20,25,55,0.7380952380952381,0.553030303030303,0.9125,0.6886792452830188,0.0875,0.3430232558139535,113,59,7,73
xgboost,3,0.8693313953488373,0.7728584962818625,0.13787923068458252,0.42751101846096273,0.8095238095238095,0.7222222222222222,0.65,0.6842105263157895,0.35,0.11627906976744186,152,20,28,52,0.7142857142857143,0.532258064516129,0.825,0.6470588235294118,0.175,0.3372093023255814,114,58,14,66
xgboost,4,0.8779433139534885,0.7601082513977055,0.1369569144769909,0.4171504082325203,0.7896825396825397,0.6666666666666666,0.675,0.6708074534161491,0.325,0.1569767441860465,145,27,26,54,0.7420634920634921,0.5555555555555556,0.9375,0.6976744186046512,0.0625,0.3488372093023256,112,60,5,75
